2026-10-03 15:50:59.511   Log opened. (Time zone: UTC+08:00)
2026-10-03 15:50:59.512   Setup version: Inno Setup version 6.7.1
2026-10-03 15:50:59.512   Original Setup EXE: C:\Users\21544\workspace\Native3DGSViewer\out\cloud-installer\Native3DGSCloudViewer-0.2.2-Windows-x64-Setup.exe
2026-10-03 15:50:59.512   Setup command line: /SL5="$9E0A92,29281359,893952,C:\Users\21544\workspace\Native3DGSViewer\out\cloud-installer\Native3DGSCloudViewer-0.2.2-Windows-x64-Setup.exe" /VERYSILENT /SUPPRESSMSGBOXES /NORESTART /SP- /DIR=C:\Users\21544\workspace\Native3DGSViewer\out\cloud-022-install-test /LOG=C:\Users\21544\workspace\Native3DGSViewer\out\cloud-022-install-final.log
2026-10-03 15:50:59.512   Compatibility mode: Yes (DetectorsAppHealth)
2026-10-03 15:50:59.512   Windows version: 10.0.26200
2026-10-03 15:50:59.512   Windows architecture: x64 (64-bit)
2026-10-03 15:50:59.512   Machine types supported by system: x86 x64
2026-10-03 15:50:59.512   User privileges: None
2026-10-03 15:50:59.515   Administrative install mode: No
2026-10-03 15:50:59.515   Install mode root key: HKEY_CURRENT_USER
2026-10-03 15:50:59.516   64-bit install mode: Yes
2026-10-03 15:50:59.516   RedirectionGuard status for current process: Enabled in enforcing mode
2026-10-03 15:50:59.517   Created temporary directory: C:\Users\21544\AppData\Local\Temp\is-855LRPQO43.tmp
2026-10-03 15:50:59.618   Found 61 files to register with RestartManager.
2026-10-03 15:50:59.618   Calling RestartManager's RmGetList.
2026-10-03 15:50:59.643   RmGetList finished successfully.
2026-10-03 15:50:59.643   RestartManager found no applications using one of our files.
2026-10-03 15:50:59.648   Starting the installation process.
2026-10-03 15:50:59.651   Directory for uninstall files: C:\Users\21544\workspace\Native3DGSViewer\out\cloud-022-install-test
2026-10-03 15:50:59.651   Will append to existing uninstall log: C:\Users\21544\workspace\Native3DGSViewer\out\cloud-022-install-test\unins000.dat
2026-10-03 15:50:59.653   -- File entry --
2026-10-03 15:50:59.653   Dest filename: C:\Users\21544\workspace\Native3DGSViewer\out\cloud-022-install-test\unins000.exe
2026-10-03 15:50:59.653   Non-default bitness: 32-bit
2026-10-03 15:50:59.655   Time stamp of our file: 2026-10-03 15:50:59.462
2026-10-03 15:50:59.655   Dest file exists.
2026-10-03 15:50:59.655   Time stamp of existing file: 2026-10-03 15:09:42.408
2026-10-03 15:50:59.655   Version of our file: 51.1054.0.0
2026-10-03 15:50:59.656   Version of existing file: 51.1054.0.0
2026-10-03 15:50:59.656   Installing the file.
2026-10-03 15:50:59.663   Leaving temporary file in place for now.
2026-10-03 15:50:59.663   -- File entry --
2026-10-03 15:50:59.663   Dest filename: C:\Users\21544\workspace\Native3DGSViewer\out\cloud-022-install-test\App.xbf
2026-10-03 15:50:59.663   Time stamp of our file: 2026-10-03 01:28:06.000
2026-10-03 15:50:59.663   Dest file exists.
2026-10-03 15:50:59.663   Time stamp of existing file: 2026-10-03 01:28:06.000
2026-10-03 15:50:59.663   Installing the file.
2026-10-03 15:50:59.664   Successfully installed the file.
2026-10-03 15:50:59.664   -- File entry --
2026-10-03 15:50:59.664   Dest filename: C:\Users\21544\workspace\Native3DGSViewer\out\cloud-022-install-test\concrt140.dll
2026-10-03 15:50:59.665   Time stamp of our file: 2026-04-24 16:26:12.000
2026-10-03 15:50:59.665   Dest file exists.
2026-10-03 15:50:59.665   Time stamp of existing file: 2026-04-24 16:26:12.000
2026-10-03 15:50:59.665   Installing the file.
2026-10-03 15:50:59.673   Successfully installed the file.
2026-10-03 15:50:59.673   -- File entry --
2026-10-03 15:50:59.673   Dest filename: C:\Users\21544\workspace\Native3DGSViewer\out\cloud-022-install-test\CoreMessagingXP.dll
2026-10-03 15:50:59.673   Time stamp of our file: 2026-09-21 22:01:22.000
2026-10-03 15:50:59.673   Dest file exists.
2026-10-03 15:50:59.673   Time stamp of existing file: 2026-09-21 22:01:22.000
2026-10-03 15:50:59.673   Installing the file.
2026-10-03 15:50:59.697   Successfully installed the file.
2026-10-03 15:50:59.697   -- File entry --
2026-10-03 15:50:59.697   Dest filename: C:\Users\21544\workspace\Native3DGSViewer\out\cloud-022-install-test\dcompi.dll
2026-10-03 15:50:59.698   Time stamp of our file: 2026-09-21 22:01:22.000
2026-10-03 15:50:59.698   Dest file exists.
2026-10-03 15:50:59.698   Time stamp of existing file: 2026-09-21 22:01:22.000
2026-10-03 15:50:59.698   Installing the file.
2026-10-03 15:50:59.736   Successfully installed the file.
2026-10-03 15:50:59.736   -- File entry --
2026-10-03 15:50:59.736   Dest filename: C:\Users\21544\workspace\Native3DGSViewer\out\cloud-022-install-test\DirectML.dll
2026-10-03 15:50:59.736   Time stamp of our file: 2026-09-21 22:01:28.000
2026-10-03 15:50:59.736   Dest file exists.
2026-10-03 15:50:59.736   Time stamp of existing file: 2026-09-21 22:01:28.000
2026-10-03 15:50:59.736   Installing the file.
2026-10-03 15:51:00.031   Successfully installed the file.
2026-10-03 15:51:00.031   -- File entry --
2026-10-03 15:51:00.031   Dest filename: C:\Users\21544\workspace\Native3DGSViewer\out\cloud-022-install-test\dwmcorei.dll
2026-10-03 15:51:00.031   Time stamp of our file: 2026-09-21 22:01:24.000
2026-10-03 15:51:00.031   Dest file exists.
2026-10-03 15:51:00.031   Time stamp of existing file: 2026-09-21 22:01:24.000
2026-10-03 15:51:00.031   Installing the file.
2026-10-03 15:51:00.091   Successfully installed the file.
2026-10-03 15:51:00.091   -- File entry --
2026-10-03 15:51:00.091   Dest filename: C:\Users\21544\workspace\Native3DGSViewer\out\cloud-022-install-test\DwmSceneI.dll
2026-10-03 15:51:00.091   Time stamp of our file: 2026-09-21 22:01:22.000
2026-10-03 15:51:00.092   Dest file exists.
2026-10-03 15:51:00.092   Time stamp of existing file: 2026-09-21 22:01:22.000
2026-10-03 15:51:00.092   Installing the file.
2026-10-03 15:51:00.134   Successfully installed the file.
2026-10-03 15:51:00.134   -- File entry --
2026-10-03 15:51:00.134   Dest filename: C:\Users\21544\workspace\Native3DGSViewer\out\cloud-022-install-test\DWriteCore.dll
2026-10-03 15:51:00.135   Time stamp of our file: 2026-09-21 22:01:22.000
2026-10-03 15:51:00.135   Dest file exists.
2026-10-03 15:51:00.135   Time stamp of existing file: 2026-09-21 22:01:22.000
2026-10-03 15:51:00.135   Installing the file.
2026-10-03 15:51:00.205   Successfully installed the file.
2026-10-03 15:51:00.205   -- File entry --
2026-10-03 15:51:00.205   Dest filename: C:\Users\21544\workspace\Native3DGSViewer\out\cloud-022-install-test\MainWindow.xbf
2026-10-03 15:51:00.206   Time stamp of our file: 2026-10-03 15:04:34.000
2026-10-03 15:51:00.206   Dest file exists.
2026-10-03 15:51:00.206   Time stamp of existing file: 2026-10-03 15:04:34.000
2026-10-03 15:51:00.206   Installing the file.
2026-10-03 15:51:00.207   Successfully installed the file.
2026-10-03 15:51:00.207   -- File entry --
2026-10-03 15:51:00.207   Dest filename: C:\Users\21544\workspace\Native3DGSViewer\out\cloud-022-install-test\marshal.dll
2026-10-03 15:51:00.207   Time stamp of our file: 2026-09-21 22:01:22.000
2026-10-03 15:51:00.207   Dest file exists.
2026-10-03 15:51:00.207   Time stamp of existing file: 2026-09-21 22:01:22.000
2026-10-03 15:51:00.207   Installing the file.
2026-10-03 15:51:00.219   Successfully installed the file.
2026-10-03 15:51:00.219   -- File entry --
2026-10-03 15:51:00.219   Dest filename: C:\Users\21544\workspace\Native3DGSViewer\out\cloud-022-install-test\Microsoft.DirectManipulation.dll
2026-10-03 15:51:00.219   Time stamp of our file: 2026-09-21 22:01:22.000
2026-10-03 15:51:00.219   Dest file exists.
2026-10-03 15:51:00.219   Time stamp of existing file: 2026-09-21 22:01:22.000
2026-10-03 15:51:00.219   Installing the file.
2026-10-03 15:51:00.235   Successfully installed the file.
2026-10-03 15:51:00.235   -- File entry --
2026-10-03 15:51:00.235   Dest filename: C:\Users\21544\workspace\Native3DGSViewer\out\cloud-022-install-test\Microsoft.Graphics.Display.dll
2026-10-03 15:51:00.235   Time stamp of our file: 2026-09-21 22:01:22.000
2026-10-03 15:51:00.235   Dest file exists.
2026-10-03 15:51:00.235   Time stamp of existing file: 2026-09-21 22:01:22.000
2026-10-03 15:51:00.235   Installing the file.
2026-10-03 15:51:00.240   Successfully installed the file.
2026-10-03 15:51:00.240   -- File entry --
2026-10-03 15:51:00.240   Dest filename: C:\Users\21544\workspace\Native3DGSViewer\out\cloud-022-install-test\Microsoft.Graphics.Imaging.dll
2026-10-03 15:51:00.241   Time stamp of our file: 2026-09-21 22:01:22.000
2026-10-03 15:51:00.241   Dest file exists.
2026-10-03 15:51:00.241   Time stamp of existing file: 2026-09-21 22:01:22.000
2026-10-03 15:51:00.241   Installing the file.
2026-10-03 15:51:00.244   Successfully installed the file.
2026-10-03 15:51:00.244   -- File entry --
2026-10-03 15:51:00.244   Dest filename: C:\Users\21544\workspace\Native3DGSViewer\out\cloud-022-install-test\Microsoft.InputStateManager.dll
2026-10-03 15:51:00.245   Time stamp of our file: 2026-09-21 22:01:22.000
2026-10-03 15:51:00.245   Dest file exists.
2026-10-03 15:51:00.245   Time stamp of existing file: 2026-09-21 22:01:22.000
2026-10-03 15:51:00.245   Installing the file.
2026-10-03 15:51:00.255   Successfully installed the file.
2026-10-03 15:51:00.255   -- File entry --
2026-10-03 15:51:00.255   Dest filename: C:\Users\21544\workspace\Native3DGSViewer\out\cloud-022-install-test\Microsoft.Internal.FrameworkUdk.dll
2026-10-03 15:51:00.256   Time stamp of our file: 2026-09-21 22:01:28.000
2026-10-03 15:51:00.256   Dest file exists.
2026-10-03 15:51:00.256   Time stamp of existing file: 2026-09-21 22:01:28.000
2026-10-03 15:51:00.256   Installing the file.
2026-10-03 15:51:00.273   Successfully installed the file.
2026-10-03 15:51:00.273   -- File entry --
2026-10-03 15:51:00.273   Dest filename: C:\Users\21544\workspace\Native3DGSViewer\out\cloud-022-install-test\Microsoft.UI.Composition.OSSupport.dll
2026-10-03 15:51:00.273   Time stamp of our file: 2026-09-21 22:01:22.000
2026-10-03 15:51:00.273   Dest file exists.
2026-10-03 15:51:00.273   Time stamp of existing file: 2026-09-21 22:01:22.000
2026-10-03 15:51:00.273   Installing the file.
2026-10-03 15:51:00.275   Successfully installed the file.
2026-10-03 15:51:00.275   -- File entry --
2026-10-03 15:51:00.275   Dest filename: C:\Users\21544\workspace\Native3DGSViewer\out\cloud-022-install-test\Microsoft.UI.Designer.dll
2026-10-03 15:51:00.275   Time stamp of our file: 2026-09-21 22:01:24.000
2026-10-03 15:51:00.275   Dest file exists.
2026-10-03 15:51:00.275   Time stamp of existing file: 2026-09-21 22:01:24.000
2026-10-03 15:51:00.275   Installing the file.
2026-10-03 15:51:00.278   Successfully installed the file.
2026-10-03 15:51:00.278   -- File entry --
2026-10-03 15:51:00.278   Dest filename: C:\Users\21544\workspace\Native3DGSViewer\out\cloud-022-install-test\Microsoft.UI.dll
2026-10-03 15:51:00.278   Time stamp of our file: 2026-09-21 22:01:22.000
2026-10-03 15:51:00.278   Dest file exists.
2026-10-03 15:51:00.278   Time stamp of existing file: 2026-09-21 22:01:22.000
2026-10-03 15:51:00.278   Installing the file.
2026-10-03 15:51:00.282   Successfully installed the file.
2026-10-03 15:51:00.282   -- File entry --
2026-10-03 15:51:00.282   Dest filename: C:\Users\21544\workspace\Native3DGSViewer\out\cloud-022-install-test\Microsoft.UI.Input.dll
2026-10-03 15:51:00.282   Time stamp of our file: 2026-09-21 22:01:22.000
2026-10-03 15:51:00.282   Dest file exists.
2026-10-03 15:51:00.282   Time stamp of existing file: 2026-09-21 22:01:22.000
2026-10-03 15:51:00.282   Installing the file.
2026-10-03 15:51:00.312   Successfully installed the file.
2026-10-03 15:51:00.312   -- File entry --
2026-10-03 15:51:00.313   Dest filename: C:\Users\21544\workspace\Native3DGSViewer\out\cloud-022-install-test\Microsoft.UI.pri
2026-10-03 15:51:00.313   Time stamp of our file: 2026-09-21 22:01:22.000
2026-10-03 15:51:00.313   Dest file exists.
2026-10-03 15:51:00.313   Time stamp of existing file: 2026-09-21 22:01:22.000
2026-10-03 15:51:00.313   Installing the file.
2026-10-03 15:51:00.316   Successfully installed the file.
2026-10-03 15:51:00.316   -- File entry --
2026-10-03 15:51:00.316   Dest filename: C:\Users\21544\workspace\Native3DGSViewer\out\cloud-022-install-test\Microsoft.UI.Windowing.Core.dll
2026-10-03 15:51:00.316   Time stamp of our file: 2026-09-21 22:01:22.000
2026-10-03 15:51:00.316   Dest file exists.
2026-10-03 15:51:00.316   Time stamp of existing file: 2026-09-21 22:01:22.000
2026-10-03 15:51:00.316   Installing the file.
2026-10-03 15:51:00.328   Successfully installed the file.
2026-10-03 15:51:00.328   -- File entry --
2026-10-03 15:51:00.328   Dest filename: C:\Users\21544\workspace\Native3DGSViewer\out\cloud-022-install-test\Microsoft.UI.Windowing.dll
2026-10-03 15:51:00.329   Time stamp of our file: 2026-09-21 22:01:22.000
2026-10-03 15:51:00.329   Dest file exists.
2026-10-03 15:51:00.329   Time stamp of existing file: 2026-09-21 22:01:22.000
2026-10-03 15:51:00.329   Installing the file.
2026-10-03 15:51:00.340   Successfully installed the file.
2026-10-03 15:51:00.340   -- File entry --
2026-10-03 15:51:00.340   Dest filename: C:\Users\21544\workspace\Native3DGSViewer\out\cloud-022-install-test\Microsoft.UI.Xaml.Controls.dll
2026-10-03 15:51:00.340   Time stamp of our file: 2026-09-21 22:01:24.000
2026-10-03 15:51:00.340   Dest file exists.
2026-10-03 15:51:00.340   Time stamp of existing file: 2026-09-21 22:01:24.000
2026-10-03 15:51:00.340   Installing the file.
2026-10-03 15:51:00.464   Successfully installed the file.
2026-10-03 15:51:00.464   -- File entry --
2026-10-03 15:51:00.464   Dest filename: C:\Users\21544\workspace\Native3DGSViewer\out\cloud-022-install-test\Microsoft.UI.Xaml.Controls.pri
2026-10-03 15:51:00.464   Time stamp of our file: 2026-09-21 22:01:24.000
2026-10-03 15:51:00.464   Dest file exists.
2026-10-03 15:51:00.464   Time stamp of existing file: 2026-09-21 22:01:24.000
2026-10-03 15:51:00.464   Installing the file.
2026-10-03 15:51:00.485   Successfully installed the file.
2026-10-03 15:51:00.485   -- File entry --
2026-10-03 15:51:00.485   Dest filename: C:\Users\21544\workspace\Native3DGSViewer\out\cloud-022-install-test\Microsoft.ui.xaml.dll
2026-10-03 15:51:00.485   Time stamp of our file: 2026-09-21 22:01:24.000
2026-10-03 15:51:00.485   Dest file exists.
2026-10-03 15:51:00.485   Time stamp of existing file: 2026-09-21 22:01:24.000
2026-10-03 15:51:00.485   Installing the file.
2026-10-03 15:51:00.790   Successfully installed the file.
2026-10-03 15:51:00.790   -- File entry --
2026-10-03 15:51:00.790   Dest filename: C:\Users\21544\workspace\Native3DGSViewer\out\cloud-022-install-test\Microsoft.UI.Xaml.Internal.dll
2026-10-03 15:51:00.790   Time stamp of our file: 2026-09-21 22:01:26.000
2026-10-03 15:51:00.790   Dest file exists.
2026-10-03 15:51:00.790   Time stamp of existing file: 2026-09-21 22:01:26.000
2026-10-03 15:51:00.790   Installing the file.
2026-10-03 15:51:00.814   Successfully installed the file.
2026-10-03 15:51:00.814   -- File entry --
2026-10-03 15:51:00.814   Dest filename: C:\Users\21544\workspace\Native3DGSViewer\out\cloud-022-install-test\Microsoft.UI.Xaml.Phone.dll
2026-10-03 15:51:00.814   Time stamp of our file: 2026-09-21 22:01:26.000
2026-10-03 15:51:00.814   Dest file exists.
2026-10-03 15:51:00.814   Time stamp of existing file: 2026-09-21 22:01:26.000
2026-10-03 15:51:00.814   Installing the file.
2026-10-03 15:51:00.836   Successfully installed the file.
2026-10-03 15:51:00.836   -- File entry --
2026-10-03 15:51:00.836   Dest filename: C:\Users\21544\workspace\Native3DGSViewer\out\cloud-022-install-test\Microsoft.ui.xaml.resources.19h1.dll
2026-10-03 15:51:00.836   Time stamp of our file: 2026-09-21 22:01:26.000
2026-10-03 15:51:00.836   Dest file exists.
2026-10-03 15:51:00.837   Time stamp of existing file: 2026-09-21 22:01:26.000
2026-10-03 15:51:00.837   Installing the file.
2026-10-03 15:51:00.845   Successfully installed the file.
2026-10-03 15:51:00.845   -- File entry --
2026-10-03 15:51:00.845   Dest filename: C:\Users\21544\workspace\Native3DGSViewer\out\cloud-022-install-test\Microsoft.ui.xaml.resources.common.dll
2026-10-03 15:51:00.846   Time stamp of our file: 2026-09-21 22:01:26.000
2026-10-03 15:51:00.846   Dest file exists.
2026-10-03 15:51:00.846   Time stamp of existing file: 2026-09-21 22:01:26.000
2026-10-03 15:51:00.846   Installing the file.
2026-10-03 15:51:00.848   Successfully installed the file.
2026-10-03 15:51:00.848   -- File entry --
2026-10-03 15:51:00.848   Dest filename: C:\Users\21544\workspace\Native3DGSViewer\out\cloud-022-install-test\Microsoft.Web.WebView2.Core.dll
2026-10-03 15:51:00.848   Time stamp of our file: 2025-03-30 17:04:20.000
2026-10-03 15:51:00.848   Dest file exists.
2026-10-03 15:51:00.848   Time stamp of existing file: 2025-03-30 17:04:20.000
2026-10-03 15:51:00.848   Installing the file.
2026-10-03 15:51:00.864   Successfully installed the file.
2026-10-03 15:51:00.864   -- File entry --
2026-10-03 15:51:00.864   Dest filename: C:\Users\21544\workspace\Native3DGSViewer\out\cloud-022-install-test\Microsoft.Windows.AI.AICapabilities.dll
2026-10-03 15:51:00.864   Time stamp of our file: 2026-09-21 22:01:22.000
2026-10-03 15:51:00.864   Dest file exists.
2026-10-03 15:51:00.864   Time stamp of existing file: 2026-09-21 22:01:22.000
2026-10-03 15:51:00.864   Installing the file.
2026-10-03 15:51:00.874   Successfully installed the file.
2026-10-03 15:51:00.874   -- File entry --
2026-10-03 15:51:00.874   Dest filename: C:\Users\21544\workspace\Native3DGSViewer\out\cloud-022-install-test\Microsoft.Windows.AI.ContentSafety.dll
2026-10-03 15:51:00.875   Time stamp of our file: 2026-09-21 22:01:22.000
2026-10-03 15:51:00.875   Dest file exists.
2026-10-03 15:51:00.875   Time stamp of existing file: 2026-09-21 22:01:22.000
2026-10-03 15:51:00.875   Installing the file.
2026-10-03 15:51:00.877   Successfully installed the file.
2026-10-03 15:51:00.877   -- File entry --
2026-10-03 15:51:00.877   Dest filename: C:\Users\21544\workspace\Native3DGSViewer\out\cloud-022-install-test\Microsoft.Windows.AI.Imaging.dll
2026-10-03 15:51:00.877   Time stamp of our file: 2026-09-21 22:01:22.000
2026-10-03 15:51:00.877   Dest file exists.
2026-10-03 15:51:00.877   Time stamp of existing file: 2026-09-21 22:01:22.000
2026-10-03 15:51:00.877   Installing the file.
2026-10-03 15:51:00.891   Successfully installed the file.
2026-10-03 15:51:00.891   -- File entry --
2026-10-03 15:51:00.891   Dest filename: C:\Users\21544\workspace\Native3DGSViewer\out\cloud-022-install-test\Microsoft.Windows.AI.MachineLearning.dll
2026-10-03 15:51:00.892   Time stamp of our file: 2026-09-21 22:01:26.000
2026-10-03 15:51:00.892   Dest file exists.
2026-10-03 15:51:00.892   Time stamp of existing file: 2026-09-21 22:01:26.000
2026-10-03 15:51:00.892   Installing the file.
2026-10-03 15:51:00.911   Successfully installed the file.
2026-10-03 15:51:00.911   -- File entry --
2026-10-03 15:51:00.911   Dest filename: C:\Users\21544\workspace\Native3DGSViewer\out\cloud-022-install-test\Microsoft.Windows.AI.Text.dll
2026-10-03 15:51:00.912   Time stamp of our file: 2026-09-21 22:01:22.000
2026-10-03 15:51:00.912   Dest file exists.
2026-10-03 15:51:00.912   Time stamp of existing file: 2026-09-21 22:01:22.000
2026-10-03 15:51:00.912   Installing the file.
2026-10-03 15:51:00.927   Successfully installed the file.
2026-10-03 15:51:00.927   -- File entry --
2026-10-03 15:51:00.928   Dest filename: C:\Users\21544\workspace\Native3DGSViewer\out\cloud-022-install-test\Microsoft.Windows.ApplicationModel.Resources.dll
2026-10-03 15:51:00.928   Time stamp of our file: 2026-09-21 22:01:24.000
2026-10-03 15:51:00.928   Dest file exists.
2026-10-03 15:51:00.928   Time stamp of existing file: 2026-09-21 22:01:24.000
2026-10-03 15:51:00.928   Installing the file.
2026-10-03 15:51:00.931   Successfully installed the file.
2026-10-03 15:51:00.931   -- File entry --
2026-10-03 15:51:00.931   Dest filename: C:\Users\21544\workspace\Native3DGSViewer\out\cloud-022-install-test\Microsoft.Windows.Widgets.dll
2026-10-03 15:51:00.931   Time stamp of our file: 2026-09-21 22:01:22.000
2026-10-03 15:51:00.931   Dest file exists.
2026-10-03 15:51:00.931   Time stamp of existing file: 2026-09-21 22:01:22.000
2026-10-03 15:51:00.931   Installing the file.
2026-10-03 15:51:00.968   Successfully installed the file.
2026-10-03 15:51:00.968   -- File entry --
2026-10-03 15:51:00.968   Dest filename: C:\Users\21544\workspace\Native3DGSViewer\out\cloud-022-install-test\Microsoft.Windows.Workloads.dll
2026-10-03 15:51:00.968   Time stamp of our file: 2026-09-21 22:01:22.000
2026-10-03 15:51:00.968   Dest file exists.
2026-10-03 15:51:00.968   Time stamp of existing file: 2026-09-21 22:01:22.000
2026-10-03 15:51:00.968   Installing the file.
2026-10-03 15:51:00.978   Successfully installed the file.
2026-10-03 15:51:00.978   -- File entry --
2026-10-03 15:51:00.978   Dest filename: C:\Users\21544\workspace\Native3DGSViewer\out\cloud-022-install-test\Microsoft.Windows.Workloads.Resources.dll
2026-10-03 15:51:00.978   Time stamp of our file: 2026-09-21 22:01:22.000
2026-10-03 15:51:00.978   Dest file exists.
2026-10-03 15:51:00.978   Time stamp of existing file: 2026-09-21 22:01:22.000
2026-10-03 15:51:00.978   Installing the file.
2026-10-03 15:51:00.982   Successfully installed the file.
2026-10-03 15:51:00.982   -- File entry --
2026-10-03 15:51:00.982   Dest filename: C:\Users\21544\workspace\Native3DGSViewer\out\cloud-022-install-test\Microsoft.Windows.Workloads.Resources_ec.dll
2026-10-03 15:51:00.982   Time stamp of our file: 2026-09-21 22:01:22.000
2026-10-03 15:51:00.982   Dest file exists.
2026-10-03 15:51:00.982   Time stamp of existing file: 2026-09-21 22:01:22.000
2026-10-03 15:51:00.982   Installing the file.
2026-10-03 15:51:00.985   Successfully installed the file.
2026-10-03 15:51:00.985   -- File entry --
2026-10-03 15:51:00.985   Dest filename: C:\Users\21544\workspace\Native3DGSViewer\out\cloud-022-install-test\Microsoft.WindowsAppRuntime.Bootstrap.dll
2026-10-03 15:51:00.986   Time stamp of our file: 2026-08-04 03:20:02.000
2026-10-03 15:51:00.986   Dest file exists.
2026-10-03 15:51:00.986   Time stamp of existing file: 2026-08-04 03:20:02.000
2026-10-03 15:51:00.986   Installing the file.
2026-10-03 15:51:00.992   Successfully installed the file.
2026-10-03 15:51:00.992   -- File entry --
2026-10-03 15:51:00.992   Dest filename: C:\Users\21544\workspace\Native3DGSViewer\out\cloud-022-install-test\Microsoft.WindowsAppRuntime.dll
2026-10-03 15:51:00.993   Time stamp of our file: 2026-09-21 22:01:24.000
2026-10-03 15:51:00.993   Dest file exists.
2026-10-03 15:51:00.993   Time stamp of existing file: 2026-09-21 22:01:24.000
2026-10-03 15:51:00.993   Installing the file.
2026-10-03 15:51:01.032   Successfully installed the file.
2026-10-03 15:51:01.033   -- File entry --
2026-10-03 15:51:01.033   Dest filename: C:\Users\21544\workspace\Native3DGSViewer\out\cloud-022-install-test\Microsoft.WindowsAppRuntime.Insights.Resource.dll
2026-10-03 15:51:01.033   Time stamp of our file: 2026-09-21 22:01:28.000
2026-10-03 15:51:01.033   Dest file exists.
2026-10-03 15:51:01.033   Time stamp of existing file: 2026-09-21 22:01:28.000
2026-10-03 15:51:01.033   Installing the file.
2026-10-03 15:51:01.034   Successfully installed the file.
2026-10-03 15:51:01.035   -- File entry --
2026-10-03 15:51:01.035   Dest filename: C:\Users\21544\workspace\Native3DGSViewer\out\cloud-022-install-test\Microsoft.WindowsAppRuntime.pri
2026-10-03 15:51:01.035   Time stamp of our file: 2026-09-21 22:01:24.000
2026-10-03 15:51:01.035   Dest file exists.
2026-10-03 15:51:01.035   Time stamp of existing file: 2026-09-21 22:01:24.000
2026-10-03 15:51:01.035   Installing the file.
2026-10-03 15:51:01.036   Successfully installed the file.
2026-10-03 15:51:01.036   -- File entry --
2026-10-03 15:51:01.036   Dest filename: C:\Users\21544\workspace\Native3DGSViewer\out\cloud-022-install-test\MRM.dll
2026-10-03 15:51:01.036   Time stamp of our file: 2026-09-21 22:01:24.000
2026-10-03 15:51:01.036   Dest file exists.
2026-10-03 15:51:01.036   Time stamp of existing file: 2026-09-21 22:01:24.000
2026-10-03 15:51:01.036   Installing the file.
2026-10-03 15:51:01.044   Successfully installed the file.
2026-10-03 15:51:01.044   -- File entry --
2026-10-03 15:51:01.044   Dest filename: C:\Users\21544\workspace\Native3DGSViewer\out\cloud-022-install-test\msvcp140.dll
2026-10-03 15:51:01.044   Time stamp of our file: 2026-04-24 16:26:12.000
2026-10-03 15:51:01.044   Dest file exists.
2026-10-03 15:51:01.044   Time stamp of existing file: 2026-04-24 16:26:12.000
2026-10-03 15:51:01.044   Installing the file.
2026-10-03 15:51:01.056   Successfully installed the file.
2026-10-03 15:51:01.056   -- File entry --
2026-10-03 15:51:01.056   Dest filename: C:\Users\21544\workspace\Native3DGSViewer\out\cloud-022-install-test\msvcp140_1.dll
2026-10-03 15:51:01.056   Time stamp of our file: 2026-04-24 16:26:12.000
2026-10-03 15:51:01.056   Dest file exists.
2026-10-03 15:51:01.056   Time stamp of existing file: 2026-04-24 16:26:12.000
2026-10-03 15:51:01.056   Installing the file.
2026-10-03 15:51:01.058   Successfully installed the file.
2026-10-03 15:51:01.058   -- File entry --
2026-10-03 15:51:01.058   Dest filename: C:\Users\21544\workspace\Native3DGSViewer\out\cloud-022-install-test\msvcp140_2.dll
2026-10-03 15:51:01.058   Time stamp of our file: 2026-04-24 16:26:12.000
2026-10-03 15:51:01.058   Dest file exists.
2026-10-03 15:51:01.058   Time stamp of existing file: 2026-04-24 16:26:12.000
2026-10-03 15:51:01.058   Installing the file.
2026-10-03 15:51:01.067   Successfully installed the file.
2026-10-03 15:51:01.067   -- File entry --
2026-10-03 15:51:01.067   Dest filename: C:\Users\21544\workspace\Native3DGSViewer\out\cloud-022-install-test\msvcp140_atomic_wait.dll
2026-10-03 15:51:01.067   Time stamp of our file: 2026-04-24 16:26:12.000
2026-10-03 15:51:01.067   Dest file exists.
2026-10-03 15:51:01.067   Time stamp of existing file: 2026-04-24 16:26:12.000
2026-10-03 15:51:01.067   Installing the file.
2026-10-03 15:51:01.069   Successfully installed the file.
2026-10-03 15:51:01.069   -- File entry --
2026-10-03 15:51:01.069   Dest filename: C:\Users\21544\workspace\Native3DGSViewer\out\cloud-022-install-test\msvcp140_codecvt_ids.dll
2026-10-03 15:51:01.069   Time stamp of our file: 2026-04-24 16:26:12.000
2026-10-03 15:51:01.069   Dest file exists.
2026-10-03 15:51:01.070   Time stamp of existing file: 2026-04-24 16:26:12.000
2026-10-03 15:51:01.070   Installing the file.
2026-10-03 15:51:01.070   Successfully installed the file.
2026-10-03 15:51:01.070   -- File entry --
2026-10-03 15:51:01.071   Dest filename: C:\Users\21544\workspace\Native3DGSViewer\out\cloud-022-install-test\Native3DGSCloud.exe
2026-10-03 15:51:01.071   Time stamp of our file: 2026-10-03 15:49:20.000
2026-10-03 15:51:01.071   Dest file exists.
2026-10-03 15:51:01.071   Time stamp of existing file: 2026-10-03 15:05:10.000
2026-10-03 15:51:01.071   Installing the file.
2026-10-03 15:51:01.091   Successfully installed the file.
2026-10-03 15:51:01.091   -- File entry --
2026-10-03 15:51:01.091   Dest filename: C:\Users\21544\workspace\Native3DGSViewer\out\cloud-022-install-test\Native3DGSCloud.pri
2026-10-03 15:51:01.091   Time stamp of our file: 2026-10-03 15:04:52.000
2026-10-03 15:51:01.091   Dest file exists.
2026-10-03 15:51:01.091   Time stamp of existing file: 2026-10-03 15:04:52.000
2026-10-03 15:51:01.091   Installing the file.
2026-10-03 15:51:01.114   Successfully installed the file.
2026-10-03 15:51:01.114   -- File entry --
2026-10-03 15:51:01.114   Dest filename: C:\Users\21544\workspace\Native3DGSViewer\out\cloud-022-install-test\onnxruntime.dll
2026-10-03 15:51:01.114   Time stamp of our file: 2026-09-21 22:01:26.000
2026-10-03 15:51:01.114   Dest file exists.
2026-10-03 15:51:01.114   Time stamp of existing file: 2026-09-21 22:01:26.000
2026-10-03 15:51:01.114   Installing the file.
2026-10-03 15:51:01.493   Successfully installed the file.
2026-10-03 15:51:01.493   -- File entry --
2026-10-03 15:51:01.493   Dest filename: C:\Users\21544\workspace\Native3DGSViewer\out\cloud-022-install-test\onnxruntime_providers_shared.dll
2026-10-03 15:51:01.493   Time stamp of our file: 2026-09-21 22:01:26.000
2026-10-03 15:51:01.494   Dest file exists.
2026-10-03 15:51:01.494   Time stamp of existing file: 2026-09-21 22:01:26.000
2026-10-03 15:51:01.494   Installing the file.
2026-10-03 15:51:01.495   Successfully installed the file.
2026-10-03 15:51:01.495   -- File entry --
2026-10-03 15:51:01.496   Dest filename: C:\Users\21544\workspace\Native3DGSViewer\out\cloud-022-install-test\PushNotificationsLongRunningTask.ProxyStub.dll
2026-10-03 15:51:01.496   Time stamp of our file: 2026-09-21 22:01:24.000
2026-10-03 15:51:01.496   Dest file exists.
2026-10-03 15:51:01.496   Time stamp of existing file: 2026-09-21 22:01:24.000
2026-10-03 15:51:01.496   Installing the file.
2026-10-03 15:51:01.497   Successfully installed the file.
2026-10-03 15:51:01.497   -- File entry --
2026-10-03 15:51:01.497   Dest filename: C:\Users\21544\workspace\Native3DGSViewer\out\cloud-022-install-test\RestartAgent.exe
2026-10-03 15:51:01.498   Time stamp of our file: 2026-09-21 22:01:24.000
2026-10-03 15:51:01.498   Dest file exists.
2026-10-03 15:51:01.498   Time stamp of existing file: 2026-09-21 22:01:24.000
2026-10-03 15:51:01.498   Installing the file.
2026-10-03 15:51:01.500   Successfully installed the file.
2026-10-03 15:51:01.500   -- File entry --
2026-10-03 15:51:01.500   Dest filename: C:\Users\21544\workspace\Native3DGSViewer\out\cloud-022-install-test\SessionHandleIPCProxyStub.dll
2026-10-03 15:51:01.500   Time stamp of our file: 2026-09-21 22:01:22.000
2026-10-03 15:51:01.500   Dest file exists.
2026-10-03 15:51:01.501   Time stamp of existing file: 2026-09-21 22:01:22.000
2026-10-03 15:51:01.501   Installing the file.
2026-10-03 15:51:01.502   Successfully installed the file.
2026-10-03 15:51:01.502   -- File entry --
2026-10-03 15:51:01.502   Dest filename: C:\Users\21544\workspace\Native3DGSViewer\out\cloud-022-install-test\vccorlib140.dll
2026-10-03 15:51:01.502   Time stamp of our file: 2026-04-24 16:26:12.000
2026-10-03 15:51:01.502   Dest file exists.
2026-10-03 15:51:01.502   Time stamp of existing file: 2026-04-24 16:26:12.000
2026-10-03 15:51:01.502   Installing the file.
2026-10-03 15:51:01.510   Successfully installed the file.
2026-10-03 15:51:01.510   -- File entry --
2026-10-03 15:51:01.510   Dest filename: C:\Users\21544\workspace\Native3DGSViewer\out\cloud-022-install-test\vcruntime140.dll
2026-10-03 15:51:01.510   Time stamp of our file: 2026-04-24 16:26:12.000
2026-10-03 15:51:01.510   Dest file exists.
2026-10-03 15:51:01.510   Time stamp of existing file: 2026-04-24 16:26:12.000
2026-10-03 15:51:01.510   Installing the file.
2026-10-03 15:51:01.514   Successfully installed the file.
2026-10-03 15:51:01.514   -- File entry --
2026-10-03 15:51:01.514   Dest filename: C:\Users\21544\workspace\Native3DGSViewer\out\cloud-022-install-test\vcruntime140_1.dll
2026-10-03 15:51:01.514   Time stamp of our file: 2026-04-24 16:26:12.000
2026-10-03 15:51:01.514   Dest file exists.
2026-10-03 15:51:01.514   Time stamp of existing file: 2026-04-24 16:26:12.000
2026-10-03 15:51:01.514   Installing the file.
2026-10-03 15:51:01.516   Successfully installed the file.
2026-10-03 15:51:01.516   -- File entry --
2026-10-03 15:51:01.516   Dest filename: C:\Users\21544\workspace\Native3DGSViewer\out\cloud-022-install-test\vcruntime140_threads.dll
2026-10-03 15:51:01.516   Time stamp of our file: 2026-04-24 16:26:12.000
2026-10-03 15:51:01.516   Dest file exists.
2026-10-03 15:51:01.516   Time stamp of existing file: 2026-04-24 16:26:12.000
2026-10-03 15:51:01.516   Installing the file.
2026-10-03 15:51:01.518   Successfully installed the file.
2026-10-03 15:51:01.518   -- File entry --
2026-10-03 15:51:01.518   Dest filename: C:\Users\21544\workspace\Native3DGSViewer\out\cloud-022-install-test\WindowsAppRuntime.DeploymentExtensions.OneCore.dll
2026-10-03 15:51:01.518   Time stamp of our file: 2026-09-21 22:01:22.000
2026-10-03 15:51:01.519   Dest file exists.
2026-10-03 15:51:01.519   Time stamp of existing file: 2026-09-21 22:01:22.000
2026-10-03 15:51:01.519   Installing the file.
2026-10-03 15:51:01.527   Successfully installed the file.
2026-10-03 15:51:01.527   -- File entry --
2026-10-03 15:51:01.527   Dest filename: C:\Users\21544\workspace\Native3DGSViewer\out\cloud-022-install-test\WindowsAppSdk.AppxDeploymentExtensions.Desktop-EventLog-Instrumentation.dll
2026-10-03 15:51:01.527   Time stamp of our file: 2026-09-21 22:01:22.000
2026-10-03 15:51:01.527   Dest file exists.
2026-10-03 15:51:01.527   Time stamp of existing file: 2026-09-21 22:01:22.000
2026-10-03 15:51:01.527   Installing the file.
2026-10-03 15:51:01.528   Successfully installed the file.
2026-10-03 15:51:01.528   -- File entry --
2026-10-03 15:51:01.528   Dest filename: C:\Users\21544\workspace\Native3DGSViewer\out\cloud-022-install-test\WindowsAppSdk.AppxDeploymentExtensions.Desktop.dll
2026-10-03 15:51:01.529   Time stamp of our file: 2026-09-21 22:01:22.000
2026-10-03 15:51:01.529   Dest file exists.
2026-10-03 15:51:01.529   Time stamp of existing file: 2026-09-21 22:01:22.000
2026-10-03 15:51:01.529   Installing the file.
2026-10-03 15:51:01.542   Successfully installed the file.
2026-10-03 15:51:01.543   -- File entry --
2026-10-03 15:51:01.543   Dest filename: C:\Users\21544\workspace\Native3DGSViewer\out\cloud-022-install-test\WinUIEdit.dll
2026-10-03 15:51:01.543   Time stamp of our file: 2026-09-21 22:01:26.000
2026-10-03 15:51:01.543   Dest file exists.
2026-10-03 15:51:01.543   Time stamp of existing file: 2026-09-21 22:01:26.000
2026-10-03 15:51:01.543   Installing the file.
2026-10-03 15:51:01.629   Successfully installed the file.
2026-10-03 15:51:01.629   -- File entry --
2026-10-03 15:51:01.629   Dest filename: C:\Users\21544\workspace\Native3DGSViewer\out\cloud-022-install-test\workloads.365.json
2026-10-03 15:51:01.629   Time stamp of our file: 2026-09-21 22:01:22.000
2026-10-03 15:51:01.629   Dest file exists.
2026-10-03 15:51:01.629   Time stamp of existing file: 2026-09-21 22:01:22.000
2026-10-03 15:51:01.629   Installing the file.
2026-10-03 15:51:01.630   Successfully installed the file.
2026-10-03 15:51:01.630   -- File entry --
2026-10-03 15:51:01.630   Dest filename: C:\Users\21544\workspace\Native3DGSViewer\out\cloud-022-install-test\workloads.j32.json
2026-10-03 15:51:01.630   Time stamp of our file: 2026-09-21 22:01:22.000
2026-10-03 15:51:01.630   Dest file exists.
2026-10-03 15:51:01.630   Time stamp of existing file: 2026-09-21 22:01:22.000
2026-10-03 15:51:01.630   Installing the file.
2026-10-03 15:51:01.631   Successfully installed the file.
2026-10-03 15:51:01.631   -- File entry --
2026-10-03 15:51:01.631   Dest filename: C:\Users\21544\workspace\Native3DGSViewer\out\cloud-022-install-test\workloads.json
2026-10-03 15:51:01.631   Time stamp of our file: 2026-09-21 22:01:22.000
2026-10-03 15:51:01.631   Dest file exists.
2026-10-03 15:51:01.631   Time stamp of existing file: 2026-09-21 22:01:22.000
2026-10-03 15:51:01.631   Installing the file.
2026-10-03 15:51:01.632   Successfully installed the file.
2026-10-03 15:51:01.632   -- File entry --
2026-10-03 15:51:01.633   Dest filename: C:\Users\21544\workspace\Native3DGSViewer\out\cloud-022-install-test\workloads.lnl.json
2026-10-03 15:51:01.633   Time stamp of our file: 2026-09-21 22:01:22.000
2026-10-03 15:51:01.633   Dest file exists.
2026-10-03 15:51:01.633   Time stamp of existing file: 2026-09-21 22:01:22.000
2026-10-03 15:51:01.633   Installing the file.
2026-10-03 15:51:01.634   Successfully installed the file.
2026-10-03 15:51:01.634   -- File entry --
2026-10-03 15:51:01.634   Dest filename: C:\Users\21544\workspace\Native3DGSViewer\out\cloud-022-install-test\workloads.qnn.json
2026-10-03 15:51:01.634   Time stamp of our file: 2026-09-21 22:01:22.000
2026-10-03 15:51:01.634   Dest file exists.
2026-10-03 15:51:01.634   Time stamp of existing file: 2026-09-21 22:01:22.000
2026-10-03 15:51:01.634   Installing the file.
2026-10-03 15:51:01.635   Successfully installed the file.
2026-10-03 15:51:01.635   -- File entry --
2026-10-03 15:51:01.635   Dest filename: C:\Users\21544\workspace\Native3DGSViewer\out\cloud-022-install-test\workloads.stx.json
2026-10-03 15:51:01.635   Time stamp of our file: 2026-09-21 22:01:22.000
2026-10-03 15:51:01.635   Dest file exists.
2026-10-03 15:51:01.635   Time stamp of existing file: 2026-09-21 22:01:22.000
2026-10-03 15:51:01.636   Installing the file.
2026-10-03 15:51:01.637   Successfully installed the file.
2026-10-03 15:51:01.637   -- File entry --
2026-10-03 15:51:01.637   Dest filename: C:\Users\21544\workspace\Native3DGSViewer\out\cloud-022-install-test\wuceffectsi.dll
2026-10-03 15:51:01.637   Time stamp of our file: 2026-09-21 22:01:24.000
2026-10-03 15:51:01.637   Dest file exists.
2026-10-03 15:51:01.637   Time stamp of existing file: 2026-09-21 22:01:24.000
2026-10-03 15:51:01.637   Installing the file.
2026-10-03 15:51:01.648   Successfully installed the file.
2026-10-03 15:51:01.648   -- File entry --
2026-10-03 15:51:01.648   Dest filename: C:\Users\21544\workspace\Native3DGSViewer\out\cloud-022-install-test\af-ZA\Microsoft.ui.xaml.dll.mui
2026-10-03 15:51:01.649   Time stamp of our file: 2026-09-21 22:01:26.000
2026-10-03 15:51:01.649   Dest file exists.
2026-10-03 15:51:01.649   Time stamp of existing file: 2026-09-21 22:01:26.000
2026-10-03 15:51:01.649   Installing the file.
2026-10-03 15:51:01.650   Successfully installed the file.
2026-10-03 15:51:01.650   -- File entry --
2026-10-03 15:51:01.650   Dest filename: C:\Users\21544\workspace\Native3DGSViewer\out\cloud-022-install-test\af-ZA\Microsoft.UI.Xaml.Phone.dll.mui
2026-10-03 15:51:01.651   Time stamp of our file: 2026-09-21 22:01:26.000
2026-10-03 15:51:01.651   Dest file exists.
2026-10-03 15:51:01.651   Time stamp of existing file: 2026-09-21 22:01:26.000
2026-10-03 15:51:01.651   Installing the file.
2026-10-03 15:51:01.652   Successfully installed the file.
2026-10-03 15:51:01.652   -- File entry --
2026-10-03 15:51:01.652   Dest filename: C:\Users\21544\workspace\Native3DGSViewer\out\cloud-022-install-test\am-ET\Microsoft.ui.xaml.dll.mui
2026-10-03 15:51:01.652   Time stamp of our file: 2026-09-21 22:01:26.000
2026-10-03 15:51:01.652   Dest file exists.
2026-10-03 15:51:01.653   Time stamp of existing file: 2026-09-21 22:01:26.000
2026-10-03 15:51:01.653   Installing the file.
2026-10-03 15:51:01.654   Successfully installed the file.
2026-10-03 15:51:01.654   -- File entry --
2026-10-03 15:51:01.654   Dest filename: C:\Users\21544\workspace\Native3DGSViewer\out\cloud-022-install-test\am-ET\Microsoft.UI.Xaml.Phone.dll.mui
2026-10-03 15:51:01.655   Time stamp of our file: 2026-09-21 22:01:26.000
2026-10-03 15:51:01.655   Dest file exists.
2026-10-03 15:51:01.655   Time stamp of existing file: 2026-09-21 22:01:26.000
2026-10-03 15:51:01.655   Installing the file.
2026-10-03 15:51:01.656   Successfully installed the file.
2026-10-03 15:51:01.656   -- File entry --
2026-10-03 15:51:01.656   Dest filename: C:\Users\21544\workspace\Native3DGSViewer\out\cloud-022-install-test\ar-SA\Microsoft.ui.xaml.dll.mui
2026-10-03 15:51:01.656   Time stamp of our file: 2026-09-21 22:01:26.000
2026-10-03 15:51:01.656   Dest file exists.
2026-10-03 15:51:01.656   Time stamp of existing file: 2026-09-21 22:01:26.000
2026-10-03 15:51:01.656   Installing the file.
2026-10-03 15:51:01.658   Successfully installed the file.
2026-10-03 15:51:01.658   -- File entry --
2026-10-03 15:51:01.658   Dest filename: C:\Users\21544\workspace\Native3DGSViewer\out\cloud-022-install-test\ar-SA\Microsoft.UI.Xaml.Phone.dll.mui
2026-10-03 15:51:01.658   Time stamp of our file: 2026-09-21 22:01:26.000
2026-10-03 15:51:01.658   Dest file exists.
2026-10-03 15:51:01.658   Time stamp of existing file: 2026-09-21 22:01:26.000
2026-10-03 15:51:01.658   Installing the file.
2026-10-03 15:51:01.660   Successfully installed the file.
2026-10-03 15:51:01.660   -- File entry --
2026-10-03 15:51:01.660   Dest filename: C:\Users\21544\workspace\Native3DGSViewer\out\cloud-022-install-test\as-IN\Microsoft.ui.xaml.dll.mui
2026-10-03 15:51:01.660   Time stamp of our file: 2026-09-21 22:01:26.000
2026-10-03 15:51:01.660   Dest file exists.
2026-10-03 15:51:01.660   Time stamp of existing file: 2026-09-21 22:01:26.000
2026-10-03 15:51:01.660   Installing the file.
2026-10-03 15:51:01.662   Successfully installed the file.
2026-10-03 15:51:01.662   -- File entry --
2026-10-03 15:51:01.662   Dest filename: C:\Users\21544\workspace\Native3DGSViewer\out\cloud-022-install-test\as-IN\Microsoft.UI.Xaml.Phone.dll.mui
2026-10-03 15:51:01.662   Time stamp of our file: 2026-09-21 22:01:26.000
2026-10-03 15:51:01.662   Dest file exists.
2026-10-03 15:51:01.662   Time stamp of existing file: 2026-09-21 22:01:26.000
2026-10-03 15:51:01.662   Installing the file.
2026-10-03 15:51:01.663   Successfully installed the file.
2026-10-03 15:51:01.663   -- File entry --
2026-10-03 15:51:01.663   Dest filename: C:\Users\21544\workspace\Native3DGSViewer\out\cloud-022-install-test\az-Latn-AZ\Microsoft.ui.xaml.dll.mui
2026-10-03 15:51:01.664   Time stamp of our file: 2026-09-21 22:01:26.000
2026-10-03 15:51:01.664   Dest file exists.
2026-10-03 15:51:01.664   Time stamp of existing file: 2026-09-21 22:01:26.000
2026-10-03 15:51:01.664   Installing the file.
2026-10-03 15:51:01.665   Successfully installed the file.
2026-10-03 15:51:01.665   -- File entry --
2026-10-03 15:51:01.665   Dest filename: C:\Users\21544\workspace\Native3DGSViewer\out\cloud-022-install-test\az-Latn-AZ\Microsoft.UI.Xaml.Phone.dll.mui
2026-10-03 15:51:01.666   Time stamp of our file: 2026-09-21 22:01:26.000
2026-10-03 15:51:01.666   Dest file exists.
2026-10-03 15:51:01.666   Time stamp of existing file: 2026-09-21 22:01:26.000
2026-10-03 15:51:01.666   Installing the file.
2026-10-03 15:51:01.667   Successfully installed the file.
2026-10-03 15:51:01.667   -- File entry --
2026-10-03 15:51:01.667   Dest filename: C:\Users\21544\workspace\Native3DGSViewer\out\cloud-022-install-test\bg-BG\Microsoft.ui.xaml.dll.mui
2026-10-03 15:51:01.667   Time stamp of our file: 2026-09-21 22:01:26.000
2026-10-03 15:51:01.667   Dest file exists.
2026-10-03 15:51:01.667   Time stamp of existing file: 2026-09-21 22:01:26.000
2026-10-03 15:51:01.667   Installing the file.
2026-10-03 15:51:01.669   Successfully installed the file.
2026-10-03 15:51:01.669   -- File entry --
2026-10-03 15:51:01.669   Dest filename: C:\Users\21544\workspace\Native3DGSViewer\out\cloud-022-install-test\bg-BG\Microsoft.UI.Xaml.Phone.dll.mui
2026-10-03 15:51:01.669   Time stamp of our file: 2026-09-21 22:01:26.000
2026-10-03 15:51:01.669   Dest file exists.
2026-10-03 15:51:01.669   Time stamp of existing file: 2026-09-21 22:01:26.000
2026-10-03 15:51:01.669   Installing the file.
2026-10-03 15:51:01.670   Successfully installed the file.
2026-10-03 15:51:01.670   -- File entry --
2026-10-03 15:51:01.670   Dest filename: C:\Users\21544\workspace\Native3DGSViewer\out\cloud-022-install-test\bn-IN\Microsoft.ui.xaml.dll.mui
2026-10-03 15:51:01.670   Time stamp of our file: 2026-09-21 22:01:26.000
2026-10-03 15:51:01.670   Dest file exists.
2026-10-03 15:51:01.670   Time stamp of existing file: 2026-09-21 22:01:26.000
2026-10-03 15:51:01.670   Installing the file.
2026-10-03 15:51:01.672   Successfully installed the file.
2026-10-03 15:51:01.672   -- File entry --
2026-10-03 15:51:01.672   Dest filename: C:\Users\21544\workspace\Native3DGSViewer\out\cloud-022-install-test\bn-IN\Microsoft.UI.Xaml.Phone.dll.mui
2026-10-03 15:51:01.672   Time stamp of our file: 2026-09-21 22:01:26.000
2026-10-03 15:51:01.672   Dest file exists.
2026-10-03 15:51:01.672   Time stamp of existing file: 2026-09-21 22:01:26.000
2026-10-03 15:51:01.672   Installing the file.
2026-10-03 15:51:01.673   Successfully installed the file.
2026-10-03 15:51:01.674   -- File entry --
2026-10-03 15:51:01.674   Dest filename: C:\Users\21544\workspace\Native3DGSViewer\out\cloud-022-install-test\bs-Latn-BA\Microsoft.ui.xaml.dll.mui
2026-10-03 15:51:01.674   Time stamp of our file: 2026-09-21 22:01:26.000
2026-10-03 15:51:01.674   Dest file exists.
2026-10-03 15:51:01.674   Time stamp of existing file: 2026-09-21 22:01:26.000
2026-10-03 15:51:01.674   Installing the file.
2026-10-03 15:51:01.675   Successfully installed the file.
2026-10-03 15:51:01.676   -- File entry --
2026-10-03 15:51:01.676   Dest filename: C:\Users\21544\workspace\Native3DGSViewer\out\cloud-022-install-test\bs-Latn-BA\Microsoft.UI.Xaml.Phone.dll.mui
2026-10-03 15:51:01.676   Time stamp of our file: 2026-09-21 22:01:26.000
2026-10-03 15:51:01.676   Dest file exists.
2026-10-03 15:51:01.676   Time stamp of existing file: 2026-09-21 22:01:26.000
2026-10-03 15:51:01.676   Installing the file.
2026-10-03 15:51:01.677   Successfully installed the file.
2026-10-03 15:51:01.677   -- File entry --
2026-10-03 15:51:01.677   Dest filename: C:\Users\21544\workspace\Native3DGSViewer\out\cloud-022-install-test\ca-ES\Microsoft.ui.xaml.dll.mui
2026-10-03 15:51:01.677   Time stamp of our file: 2026-09-21 22:01:26.000
2026-10-03 15:51:01.677   Dest file exists.
2026-10-03 15:51:01.677   Time stamp of existing file: 2026-09-21 22:01:26.000
2026-10-03 15:51:01.677   Installing the file.
2026-10-03 15:51:01.678   Successfully installed the file.
2026-10-03 15:51:01.678   -- File entry --
2026-10-03 15:51:01.680   Dest filename: C:\Users\21544\workspace\Native3DGSViewer\out\cloud-022-install-test\ca-ES\Microsoft.UI.Xaml.Phone.dll.mui
2026-10-03 15:51:01.680   Time stamp of our file: 2026-09-21 22:01:26.000
2026-10-03 15:51:01.680   Dest file exists.
2026-10-03 15:51:01.680   Time stamp of existing file: 2026-09-21 22:01:26.000
2026-10-03 15:51:01.680   Installing the file.
2026-10-03 15:51:01.681   Successfully installed the file.
2026-10-03 15:51:01.681   -- File entry --
2026-10-03 15:51:01.681   Dest filename: C:\Users\21544\workspace\Native3DGSViewer\out\cloud-022-install-test\ca-Es-VALENCIA\Microsoft.ui.xaml.dll.mui
2026-10-03 15:51:01.681   Time stamp of our file: 2026-09-21 22:01:26.000
2026-10-03 15:51:01.681   Dest file exists.
2026-10-03 15:51:01.681   Time stamp of existing file: 2026-09-21 22:01:26.000
2026-10-03 15:51:01.681   Installing the file.
2026-10-03 15:51:01.683   Successfully installed the file.
2026-10-03 15:51:01.683   -- File entry --
2026-10-03 15:51:01.684   Dest filename: C:\Users\21544\workspace\Native3DGSViewer\out\cloud-022-install-test\ca-Es-VALENCIA\Microsoft.UI.Xaml.Phone.dll.mui
2026-10-03 15:51:01.684   Time stamp of our file: 2026-09-21 22:01:26.000
2026-10-03 15:51:01.684   Dest file exists.
2026-10-03 15:51:01.684   Time stamp of existing file: 2026-09-21 22:01:26.000
2026-10-03 15:51:01.684   Installing the file.
2026-10-03 15:51:01.685   Successfully installed the file.
2026-10-03 15:51:01.685   -- File entry --
2026-10-03 15:51:01.685   Dest filename: C:\Users\21544\workspace\Native3DGSViewer\out\cloud-022-install-test\cs-CZ\Microsoft.ui.xaml.dll.mui
2026-10-03 15:51:01.685   Time stamp of our file: 2026-09-21 22:01:26.000
2026-10-03 15:51:01.685   Dest file exists.
2026-10-03 15:51:01.685   Time stamp of existing file: 2026-09-21 22:01:26.000
2026-10-03 15:51:01.685   Installing the file.
2026-10-03 15:51:01.687   Successfully installed the file.
2026-10-03 15:51:01.687   -- File entry --
2026-10-03 15:51:01.687   Dest filename: C:\Users\21544\workspace\Native3DGSViewer\out\cloud-022-install-test\cs-CZ\Microsoft.UI.Xaml.Phone.dll.mui
2026-10-03 15:51:01.688   Time stamp of our file: 2026-09-21 22:01:26.000
2026-10-03 15:51:01.688   Dest file exists.
2026-10-03 15:51:01.688   Time stamp of existing file: 2026-09-21 22:01:26.000
2026-10-03 15:51:01.688   Installing the file.
2026-10-03 15:51:01.689   Successfully installed the file.
2026-10-03 15:51:01.689   -- File entry --
2026-10-03 15:51:01.689   Dest filename: C:\Users\21544\workspace\Native3DGSViewer\out\cloud-022-install-test\cy-GB\Microsoft.ui.xaml.dll.mui
2026-10-03 15:51:01.689   Time stamp of our file: 2026-09-21 22:01:26.000
2026-10-03 15:51:01.689   Dest file exists.
2026-10-03 15:51:01.689   Time stamp of existing file: 2026-09-21 22:01:26.000
2026-10-03 15:51:01.689   Installing the file.
2026-10-03 15:51:01.690   Successfully installed the file.
2026-10-03 15:51:01.690   -- File entry --
2026-10-03 15:51:01.690   Dest filename: C:\Users\21544\workspace\Native3DGSViewer\out\cloud-022-install-test\cy-GB\Microsoft.UI.Xaml.Phone.dll.mui
2026-10-03 15:51:01.690   Time stamp of our file: 2026-09-21 22:01:26.000
2026-10-03 15:51:01.690   Dest file exists.
2026-10-03 15:51:01.691   Time stamp of existing file: 2026-09-21 22:01:26.000
2026-10-03 15:51:01.691   Installing the file.
2026-10-03 15:51:01.692   Successfully installed the file.
2026-10-03 15:51:01.692   -- File entry --
2026-10-03 15:51:01.692   Dest filename: C:\Users\21544\workspace\Native3DGSViewer\out\cloud-022-install-test\da-DK\Microsoft.ui.xaml.dll.mui
2026-10-03 15:51:01.692   Time stamp of our file: 2026-09-21 22:01:26.000
2026-10-03 15:51:01.692   Dest file exists.
2026-10-03 15:51:01.692   Time stamp of existing file: 2026-09-21 22:01:26.000
2026-10-03 15:51:01.692   Installing the file.
2026-10-03 15:51:01.694   Successfully installed the file.
2026-10-03 15:51:01.694   -- File entry --
2026-10-03 15:51:01.694   Dest filename: C:\Users\21544\workspace\Native3DGSViewer\out\cloud-022-install-test\da-DK\Microsoft.UI.Xaml.Phone.dll.mui
2026-10-03 15:51:01.694   Time stamp of our file: 2026-09-21 22:01:26.000
2026-10-03 15:51:01.694   Dest file exists.
2026-10-03 15:51:01.694   Time stamp of existing file: 2026-09-21 22:01:26.000
2026-10-03 15:51:01.694   Installing the file.
2026-10-03 15:51:01.695   Successfully installed the file.
2026-10-03 15:51:01.695   -- File entry --
2026-10-03 15:51:01.695   Dest filename: C:\Users\21544\workspace\Native3DGSViewer\out\cloud-022-install-test\de-DE\Microsoft.ui.xaml.dll.mui
2026-10-03 15:51:01.695   Time stamp of our file: 2026-09-21 22:01:26.000
2026-10-03 15:51:01.695   Dest file exists.
2026-10-03 15:51:01.695   Time stamp of existing file: 2026-09-21 22:01:26.000
2026-10-03 15:51:01.695   Installing the file.
2026-10-03 15:51:01.697   Successfully installed the file.
2026-10-03 15:51:01.697   -- File entry --
2026-10-03 15:51:01.697   Dest filename: C:\Users\21544\workspace\Native3DGSViewer\out\cloud-022-install-test\de-DE\Microsoft.UI.Xaml.Phone.dll.mui
2026-10-03 15:51:01.697   Time stamp of our file: 2026-09-21 22:01:26.000
2026-10-03 15:51:01.697   Dest file exists.
2026-10-03 15:51:01.697   Time stamp of existing file: 2026-09-21 22:01:26.000
2026-10-03 15:51:01.697   Installing the file.
2026-10-03 15:51:01.698   Successfully installed the file.
2026-10-03 15:51:01.698   -- File entry --
2026-10-03 15:51:01.698   Dest filename: C:\Users\21544\workspace\Native3DGSViewer\out\cloud-022-install-test\el-GR\Microsoft.ui.xaml.dll.mui
2026-10-03 15:51:01.698   Time stamp of our file: 2026-09-21 22:01:26.000
2026-10-03 15:51:01.700   Dest file exists.
2026-10-03 15:51:01.700   Time stamp of existing file: 2026-09-21 22:01:26.000
2026-10-03 15:51:01.700   Installing the file.
2026-10-03 15:51:01.701   Successfully installed the file.
2026-10-03 15:51:01.701   -- File entry --
2026-10-03 15:51:01.701   Dest filename: C:\Users\21544\workspace\Native3DGSViewer\out\cloud-022-install-test\el-GR\Microsoft.UI.Xaml.Phone.dll.mui
2026-10-03 15:51:01.702   Time stamp of our file: 2026-09-21 22:01:26.000
2026-10-03 15:51:01.702   Dest file exists.
2026-10-03 15:51:01.702   Time stamp of existing file: 2026-09-21 22:01:26.000
2026-10-03 15:51:01.702   Installing the file.
2026-10-03 15:51:01.703   Successfully installed the file.
2026-10-03 15:51:01.703   -- File entry --
2026-10-03 15:51:01.703   Dest filename: C:\Users\21544\workspace\Native3DGSViewer\out\cloud-022-install-test\en-GB\Microsoft.ui.xaml.dll.mui
2026-10-03 15:51:01.703   Time stamp of our file: 2026-09-21 22:01:26.000
2026-10-03 15:51:01.703   Dest file exists.
2026-10-03 15:51:01.703   Time stamp of existing file: 2026-09-21 22:01:26.000
2026-10-03 15:51:01.703   Installing the file.
2026-10-03 15:51:01.705   Successfully installed the file.
2026-10-03 15:51:01.705   -- File entry --
2026-10-03 15:51:01.705   Dest filename: C:\Users\21544\workspace\Native3DGSViewer\out\cloud-022-install-test\en-GB\Microsoft.UI.Xaml.Phone.dll.mui
2026-10-03 15:51:01.705   Time stamp of our file: 2026-09-21 22:01:24.000
2026-10-03 15:51:01.705   Dest file exists.
2026-10-03 15:51:01.705   Time stamp of existing file: 2026-09-21 22:01:24.000
2026-10-03 15:51:01.705   Installing the file.
2026-10-03 15:51:01.705   Successfully installed the file.
2026-10-03 15:51:01.706   -- File entry --
2026-10-03 15:51:01.706   Dest filename: C:\Users\21544\workspace\Native3DGSViewer\out\cloud-022-install-test\en-us\Microsoft.ui.xaml.dll.mui
2026-10-03 15:51:01.706   Time stamp of our file: 2026-09-21 22:01:24.000
2026-10-03 15:51:01.706   Dest file exists.
2026-10-03 15:51:01.706   Time stamp of existing file: 2026-09-21 22:01:24.000
2026-10-03 15:51:01.706   Installing the file.
2026-10-03 15:51:01.707   Successfully installed the file.
2026-10-03 15:51:01.707   -- File entry --
2026-10-03 15:51:01.707   Dest filename: C:\Users\21544\workspace\Native3DGSViewer\out\cloud-022-install-test\en-us\Microsoft.UI.Xaml.Phone.dll.mui
2026-10-03 15:51:01.708   Time stamp of our file: 2026-09-21 22:01:24.000
2026-10-03 15:51:01.708   Dest file exists.
2026-10-03 15:51:01.708   Time stamp of existing file: 2026-09-21 22:01:24.000
2026-10-03 15:51:01.708   Installing the file.
2026-10-03 15:51:01.709   Successfully installed the file.
2026-10-03 15:51:01.709   -- File entry --
2026-10-03 15:51:01.709   Dest filename: C:\Users\21544\workspace\Native3DGSViewer\out\cloud-022-install-test\es-ES\Microsoft.ui.xaml.dll.mui
2026-10-03 15:51:01.710   Time stamp of our file: 2026-09-21 22:01:24.000
2026-10-03 15:51:01.710   Dest file exists.
2026-10-03 15:51:01.710   Time stamp of existing file: 2026-09-21 22:01:24.000
2026-10-03 15:51:01.710   Installing the file.
2026-10-03 15:51:01.711   Successfully installed the file.
2026-10-03 15:51:01.711   -- File entry --
2026-10-03 15:51:01.711   Dest filename: C:\Users\21544\workspace\Native3DGSViewer\out\cloud-022-install-test\es-ES\Microsoft.UI.Xaml.Phone.dll.mui
2026-10-03 15:51:01.711   Time stamp of our file: 2026-09-21 22:01:24.000
2026-10-03 15:51:01.712   Dest file exists.
2026-10-03 15:51:01.712   Time stamp of existing file: 2026-09-21 22:01:24.000
2026-10-03 15:51:01.712   Installing the file.
2026-10-03 15:51:01.713   Successfully installed the file.
2026-10-03 15:51:01.713   -- File entry --
2026-10-03 15:51:01.713   Dest filename: C:\Users\21544\workspace\Native3DGSViewer\out\cloud-022-install-test\es-MX\Microsoft.ui.xaml.dll.mui
2026-10-03 15:51:01.713   Time stamp of our file: 2026-09-21 22:01:26.000
2026-10-03 15:51:01.713   Dest file exists.
2026-10-03 15:51:01.713   Time stamp of existing file: 2026-09-21 22:01:26.000
2026-10-03 15:51:01.713   Installing the file.
2026-10-03 15:51:01.715   Successfully installed the file.
2026-10-03 15:51:01.715   -- File entry --
2026-10-03 15:51:01.715   Dest filename: C:\Users\21544\workspace\Native3DGSViewer\out\cloud-022-install-test\es-MX\Microsoft.UI.Xaml.Phone.dll.mui
2026-10-03 15:51:01.715   Time stamp of our file: 2026-09-21 22:01:26.000
2026-10-03 15:51:01.715   Dest file exists.
2026-10-03 15:51:01.715   Time stamp of existing file: 2026-09-21 22:01:26.000
2026-10-03 15:51:01.715   Installing the file.
2026-10-03 15:51:01.716   Successfully installed the file.
2026-10-03 15:51:01.716   -- File entry --
2026-10-03 15:51:01.716   Dest filename: C:\Users\21544\workspace\Native3DGSViewer\out\cloud-022-install-test\et-EE\Microsoft.ui.xaml.dll.mui
2026-10-03 15:51:01.716   Time stamp of our file: 2026-09-21 22:01:26.000
2026-10-03 15:51:01.716   Dest file exists.
2026-10-03 15:51:01.716   Time stamp of existing file: 2026-09-21 22:01:26.000
2026-10-03 15:51:01.716   Installing the file.
2026-10-03 15:51:01.718   Successfully installed the file.
2026-10-03 15:51:01.718   -- File entry --
2026-10-03 15:51:01.718   Dest filename: C:\Users\21544\workspace\Native3DGSViewer\out\cloud-022-install-test\et-EE\Microsoft.UI.Xaml.Phone.dll.mui
2026-10-03 15:51:01.718   Time stamp of our file: 2026-09-21 22:01:26.000
2026-10-03 15:51:01.718   Dest file exists.
2026-10-03 15:51:01.718   Time stamp of existing file: 2026-09-21 22:01:26.000
2026-10-03 15:51:01.718   Installing the file.
2026-10-03 15:51:01.719   Successfully installed the file.
2026-10-03 15:51:01.720   -- File entry --
2026-10-03 15:51:01.720   Dest filename: C:\Users\21544\workspace\Native3DGSViewer\out\cloud-022-install-test\eu-ES\Microsoft.ui.xaml.dll.mui
2026-10-03 15:51:01.720   Time stamp of our file: 2026-09-21 22:01:26.000
2026-10-03 15:51:01.720   Dest file exists.
2026-10-03 15:51:01.720   Time stamp of existing file: 2026-09-21 22:01:26.000
2026-10-03 15:51:01.720   Installing the file.
2026-10-03 15:51:01.721   Successfully installed the file.
2026-10-03 15:51:01.722   -- File entry --
2026-10-03 15:51:01.722   Dest filename: C:\Users\21544\workspace\Native3DGSViewer\out\cloud-022-install-test\eu-ES\Microsoft.UI.Xaml.Phone.dll.mui
2026-10-03 15:51:01.722   Time stamp of our file: 2026-09-21 22:01:26.000
2026-10-03 15:51:01.722   Dest file exists.
2026-10-03 15:51:01.722   Time stamp of existing file: 2026-09-21 22:01:26.000
2026-10-03 15:51:01.722   Installing the file.
2026-10-03 15:51:01.723   Successfully installed the file.
2026-10-03 15:51:01.723   -- File entry --
2026-10-03 15:51:01.723   Dest filename: C:\Users\21544\workspace\Native3DGSViewer\out\cloud-022-install-test\fa-IR\Microsoft.ui.xaml.dll.mui
2026-10-03 15:51:01.723   Time stamp of our file: 2026-09-21 22:01:26.000
2026-10-03 15:51:01.723   Dest file exists.
2026-10-03 15:51:01.723   Time stamp of existing file: 2026-09-21 22:01:26.000
2026-10-03 15:51:01.723   Installing the file.
2026-10-03 15:51:01.725   Successfully installed the file.
2026-10-03 15:51:01.725   -- File entry --
2026-10-03 15:51:01.725   Dest filename: C:\Users\21544\workspace\Native3DGSViewer\out\cloud-022-install-test\fa-IR\Microsoft.UI.Xaml.Phone.dll.mui
2026-10-03 15:51:01.725   Time stamp of our file: 2026-09-21 22:01:26.000
2026-10-03 15:51:01.725   Dest file exists.
2026-10-03 15:51:01.725   Time stamp of existing file: 2026-09-21 22:01:26.000
2026-10-03 15:51:01.725   Installing the file.
2026-10-03 15:51:01.726   Successfully installed the file.
2026-10-03 15:51:01.727   -- File entry --
2026-10-03 15:51:01.727   Dest filename: C:\Users\21544\workspace\Native3DGSViewer\out\cloud-022-install-test\fi-FI\Microsoft.ui.xaml.dll.mui
2026-10-03 15:51:01.727   Time stamp of our file: 2026-09-21 22:01:26.000
2026-10-03 15:51:01.727   Dest file exists.
2026-10-03 15:51:01.727   Time stamp of existing file: 2026-09-21 22:01:26.000
2026-10-03 15:51:01.727   Installing the file.
2026-10-03 15:51:01.728   Successfully installed the file.
2026-10-03 15:51:01.728   -- File entry --
2026-10-03 15:51:01.729   Dest filename: C:\Users\21544\workspace\Native3DGSViewer\out\cloud-022-install-test\fi-FI\Microsoft.UI.Xaml.Phone.dll.mui
2026-10-03 15:51:01.729   Time stamp of our file: 2026-09-21 22:01:26.000
2026-10-03 15:51:01.729   Dest file exists.
2026-10-03 15:51:01.729   Time stamp of existing file: 2026-09-21 22:01:26.000
2026-10-03 15:51:01.729   Installing the file.
2026-10-03 15:51:01.730   Successfully installed the file.
2026-10-03 15:51:01.730   -- File entry --
2026-10-03 15:51:01.731   Dest filename: C:\Users\21544\workspace\Native3DGSViewer\out\cloud-022-install-test\fil-PH\Microsoft.ui.xaml.dll.mui
2026-10-03 15:51:01.731   Time stamp of our file: 2026-09-21 22:01:26.000
2026-10-03 15:51:01.731   Dest file exists.
2026-10-03 15:51:01.731   Time stamp of existing file: 2026-09-21 22:01:26.000
2026-10-03 15:51:01.731   Installing the file.
2026-10-03 15:51:01.732   Successfully installed the file.
2026-10-03 15:51:01.732   -- File entry --
2026-10-03 15:51:01.733   Dest filename: C:\Users\21544\workspace\Native3DGSViewer\out\cloud-022-install-test\fil-PH\Microsoft.UI.Xaml.Phone.dll.mui
2026-10-03 15:51:01.733   Time stamp of our file: 2026-09-21 22:01:26.000
2026-10-03 15:51:01.733   Dest file exists.
2026-10-03 15:51:01.733   Time stamp of existing file: 2026-09-21 22:01:26.000
2026-10-03 15:51:01.733   Installing the file.
2026-10-03 15:51:01.734   Successfully installed the file.
2026-10-03 15:51:01.734   -- File entry --
2026-10-03 15:51:01.734   Dest filename: C:\Users\21544\workspace\Native3DGSViewer\out\cloud-022-install-test\fr-CA\Microsoft.ui.xaml.dll.mui
2026-10-03 15:51:01.734   Time stamp of our file: 2026-09-21 22:01:26.000
2026-10-03 15:51:01.734   Dest file exists.
2026-10-03 15:51:01.734   Time stamp of existing file: 2026-09-21 22:01:26.000
2026-10-03 15:51:01.734   Installing the file.
2026-10-03 15:51:01.736   Successfully installed the file.
2026-10-03 15:51:01.736   -- File entry --
2026-10-03 15:51:01.736   Dest filename: C:\Users\21544\workspace\Native3DGSViewer\out\cloud-022-install-test\fr-CA\Microsoft.UI.Xaml.Phone.dll.mui
2026-10-03 15:51:01.736   Time stamp of our file: 2026-09-21 22:01:26.000
2026-10-03 15:51:01.736   Dest file exists.
2026-10-03 15:51:01.736   Time stamp of existing file: 2026-09-21 22:01:26.000
2026-10-03 15:51:01.736   Installing the file.
2026-10-03 15:51:01.737   Successfully installed the file.
2026-10-03 15:51:01.737   -- File entry --
2026-10-03 15:51:01.737   Dest filename: C:\Users\21544\workspace\Native3DGSViewer\out\cloud-022-install-test\fr-FR\Microsoft.ui.xaml.dll.mui
2026-10-03 15:51:01.737   Time stamp of our file: 2026-09-21 22:01:26.000
2026-10-03 15:51:01.737   Dest file exists.
2026-10-03 15:51:01.738   Time stamp of existing file: 2026-09-21 22:01:26.000
2026-10-03 15:51:01.738   Installing the file.
2026-10-03 15:51:01.739   Successfully installed the file.
2026-10-03 15:51:01.739   -- File entry --
2026-10-03 15:51:01.739   Dest filename: C:\Users\21544\workspace\Native3DGSViewer\out\cloud-022-install-test\fr-FR\Microsoft.UI.Xaml.Phone.dll.mui
2026-10-03 15:51:01.739   Time stamp of our file: 2026-09-21 22:01:26.000
2026-10-03 15:51:01.739   Dest file exists.
2026-10-03 15:51:01.739   Time stamp of existing file: 2026-09-21 22:01:26.000
2026-10-03 15:51:01.739   Installing the file.
2026-10-03 15:51:01.740   Successfully installed the file.
2026-10-03 15:51:01.740   -- File entry --
2026-10-03 15:51:01.740   Dest filename: C:\Users\21544\workspace\Native3DGSViewer\out\cloud-022-install-test\ga-IE\Microsoft.ui.xaml.dll.mui
2026-10-03 15:51:01.740   Time stamp of our file: 2026-09-21 22:01:26.000
2026-10-03 15:51:01.740   Dest file exists.
2026-10-03 15:51:01.740   Time stamp of existing file: 2026-09-21 22:01:26.000
2026-10-03 15:51:01.740   Installing the file.
2026-10-03 15:51:01.742   Successfully installed the file.
2026-10-03 15:51:01.742   -- File entry --
2026-10-03 15:51:01.742   Dest filename: C:\Users\21544\workspace\Native3DGSViewer\out\cloud-022-install-test\ga-IE\Microsoft.UI.Xaml.Phone.dll.mui
2026-10-03 15:51:01.742   Time stamp of our file: 2026-09-21 22:01:26.000
2026-10-03 15:51:01.742   Dest file exists.
2026-10-03 15:51:01.742   Time stamp of existing file: 2026-09-21 22:01:26.000
2026-10-03 15:51:01.742   Installing the file.
2026-10-03 15:51:01.743   Successfully installed the file.
2026-10-03 15:51:01.743   -- File entry --
2026-10-03 15:51:01.744   Dest filename: C:\Users\21544\workspace\Native3DGSViewer\out\cloud-022-install-test\gd-gb\Microsoft.ui.xaml.dll.mui
2026-10-03 15:51:01.744   Time stamp of our file: 2026-09-21 22:01:26.000
2026-10-03 15:51:01.744   Dest file exists.
2026-10-03 15:51:01.744   Time stamp of existing file: 2026-09-21 22:01:26.000
2026-10-03 15:51:01.744   Installing the file.
2026-10-03 15:51:01.746   Successfully installed the file.
2026-10-03 15:51:01.746   -- File entry --
2026-10-03 15:51:01.746   Dest filename: C:\Users\21544\workspace\Native3DGSViewer\out\cloud-022-install-test\gd-gb\Microsoft.UI.Xaml.Phone.dll.mui
2026-10-03 15:51:01.746   Time stamp of our file: 2026-09-21 22:01:26.000
2026-10-03 15:51:01.746   Dest file exists.
2026-10-03 15:51:01.746   Time stamp of existing file: 2026-09-21 22:01:26.000
2026-10-03 15:51:01.746   Installing the file.
2026-10-03 15:51:01.747   Successfully installed the file.
2026-10-03 15:51:01.748   -- File entry --
2026-10-03 15:51:01.748   Dest filename: C:\Users\21544\workspace\Native3DGSViewer\out\cloud-022-install-test\gl-ES\Microsoft.ui.xaml.dll.mui
2026-10-03 15:51:01.748   Time stamp of our file: 2026-09-21 22:01:26.000
2026-10-03 15:51:01.748   Dest file exists.
2026-10-03 15:51:01.748   Time stamp of existing file: 2026-09-21 22:01:26.000
2026-10-03 15:51:01.748   Installing the file.
2026-10-03 15:51:01.750   Successfully installed the file.
2026-10-03 15:51:01.750   -- File entry --
2026-10-03 15:51:01.750   Dest filename: C:\Users\21544\workspace\Native3DGSViewer\out\cloud-022-install-test\gl-ES\Microsoft.UI.Xaml.Phone.dll.mui
2026-10-03 15:51:01.750   Time stamp of our file: 2026-09-21 22:01:26.000
2026-10-03 15:51:01.750   Dest file exists.
2026-10-03 15:51:01.750   Time stamp of existing file: 2026-09-21 22:01:26.000
2026-10-03 15:51:01.750   Installing the file.
2026-10-03 15:51:01.752   Successfully installed the file.
2026-10-03 15:51:01.752   -- File entry --
2026-10-03 15:51:01.752   Dest filename: C:\Users\21544\workspace\Native3DGSViewer\out\cloud-022-install-test\gu-IN\Microsoft.ui.xaml.dll.mui
2026-10-03 15:51:01.752   Time stamp of our file: 2026-09-21 22:01:26.000
2026-10-03 15:51:01.752   Dest file exists.
2026-10-03 15:51:01.752   Time stamp of existing file: 2026-09-21 22:01:26.000
2026-10-03 15:51:01.752   Installing the file.
2026-10-03 15:51:01.754   Successfully installed the file.
2026-10-03 15:51:01.754   -- File entry --
2026-10-03 15:51:01.754   Dest filename: C:\Users\21544\workspace\Native3DGSViewer\out\cloud-022-install-test\gu-IN\Microsoft.UI.Xaml.Phone.dll.mui
2026-10-03 15:51:01.754   Time stamp of our file: 2026-09-21 22:01:26.000
2026-10-03 15:51:01.754   Dest file exists.
2026-10-03 15:51:01.754   Time stamp of existing file: 2026-09-21 22:01:26.000
2026-10-03 15:51:01.754   Installing the file.
2026-10-03 15:51:01.755   Successfully installed the file.
2026-10-03 15:51:01.755   -- File entry --
2026-10-03 15:51:01.755   Dest filename: C:\Users\21544\workspace\Native3DGSViewer\out\cloud-022-install-test\he-IL\Microsoft.ui.xaml.dll.mui
2026-10-03 15:51:01.755   Time stamp of our file: 2026-09-21 22:01:26.000
2026-10-03 15:51:01.755   Dest file exists.
2026-10-03 15:51:01.755   Time stamp of existing file: 2026-09-21 22:01:26.000
2026-10-03 15:51:01.755   Installing the file.
2026-10-03 15:51:01.757   Successfully installed the file.
2026-10-03 15:51:01.757   -- File entry --
2026-10-03 15:51:01.757   Dest filename: C:\Users\21544\workspace\Native3DGSViewer\out\cloud-022-install-test\he-IL\Microsoft.UI.Xaml.Phone.dll.mui
2026-10-03 15:51:01.757   Time stamp of our file: 2026-09-21 22:01:26.000
2026-10-03 15:51:01.757   Dest file exists.
2026-10-03 15:51:01.757   Time stamp of existing file: 2026-09-21 22:01:26.000
2026-10-03 15:51:01.757   Installing the file.
2026-10-03 15:51:01.758   Successfully installed the file.
2026-10-03 15:51:01.758   -- File entry --
2026-10-03 15:51:01.758   Dest filename: C:\Users\21544\workspace\Native3DGSViewer\out\cloud-022-install-test\hi-IN\Microsoft.ui.xaml.dll.mui
2026-10-03 15:51:01.758   Time stamp of our file: 2026-09-21 22:01:26.000
2026-10-03 15:51:01.758   Dest file exists.
2026-10-03 15:51:01.758   Time stamp of existing file: 2026-09-21 22:01:26.000
2026-10-03 15:51:01.758   Installing the file.
2026-10-03 15:51:01.760   Successfully installed the file.
2026-10-03 15:51:01.760   -- File entry --
2026-10-03 15:51:01.760   Dest filename: C:\Users\21544\workspace\Native3DGSViewer\out\cloud-022-install-test\hi-IN\Microsoft.UI.Xaml.Phone.dll.mui
2026-10-03 15:51:01.761   Time stamp of our file: 2026-09-21 22:01:26.000
2026-10-03 15:51:01.761   Dest file exists.
2026-10-03 15:51:01.761   Time stamp of existing file: 2026-09-21 22:01:26.000
2026-10-03 15:51:01.761   Installing the file.
2026-10-03 15:51:01.762   Successfully installed the file.
2026-10-03 15:51:01.762   -- File entry --
2026-10-03 15:51:01.762   Dest filename: C:\Users\21544\workspace\Native3DGSViewer\out\cloud-022-install-test\hr-HR\Microsoft.ui.xaml.dll.mui
2026-10-03 15:51:01.762   Time stamp of our file: 2026-09-21 22:01:26.000
2026-10-03 15:51:01.762   Dest file exists.
2026-10-03 15:51:01.762   Time stamp of existing file: 2026-09-21 22:01:26.000
2026-10-03 15:51:01.762   Installing the file.
2026-10-03 15:51:01.764   Successfully installed the file.
2026-10-03 15:51:01.764   -- File entry --
2026-10-03 15:51:01.764   Dest filename: C:\Users\21544\workspace\Native3DGSViewer\out\cloud-022-install-test\hr-HR\Microsoft.UI.Xaml.Phone.dll.mui
2026-10-03 15:51:01.764   Time stamp of our file: 2026-09-21 22:01:26.000
2026-10-03 15:51:01.764   Dest file exists.
2026-10-03 15:51:01.764   Time stamp of existing file: 2026-09-21 22:01:26.000
2026-10-03 15:51:01.764   Installing the file.
2026-10-03 15:51:01.765   Successfully installed the file.
2026-10-03 15:51:01.765   -- File entry --
2026-10-03 15:51:01.766   Dest filename: C:\Users\21544\workspace\Native3DGSViewer\out\cloud-022-install-test\hu-HU\Microsoft.ui.xaml.dll.mui
2026-10-03 15:51:01.766   Time stamp of our file: 2026-09-21 22:01:26.000
2026-10-03 15:51:01.766   Dest file exists.
2026-10-03 15:51:01.766   Time stamp of existing file: 2026-09-21 22:01:26.000
2026-10-03 15:51:01.766   Installing the file.
2026-10-03 15:51:01.767   Successfully installed the file.
2026-10-03 15:51:01.768   -- File entry --
2026-10-03 15:51:01.768   Dest filename: C:\Users\21544\workspace\Native3DGSViewer\out\cloud-022-install-test\hu-HU\Microsoft.UI.Xaml.Phone.dll.mui
2026-10-03 15:51:01.768   Time stamp of our file: 2026-09-21 22:01:24.000
2026-10-03 15:51:01.768   Dest file exists.
2026-10-03 15:51:01.768   Time stamp of existing file: 2026-09-21 22:01:24.000
2026-10-03 15:51:01.768   Installing the file.
2026-10-03 15:51:01.769   Successfully installed the file.
2026-10-03 15:51:01.769   -- File entry --
2026-10-03 15:51:01.770   Dest filename: C:\Users\21544\workspace\Native3DGSViewer\out\cloud-022-install-test\hy-AM\Microsoft.ui.xaml.dll.mui
2026-10-03 15:51:01.770   Time stamp of our file: 2026-09-21 22:01:24.000
2026-10-03 15:51:01.770   Dest file exists.
2026-10-03 15:51:01.770   Time stamp of existing file: 2026-09-21 22:01:24.000
2026-10-03 15:51:01.770   Installing the file.
2026-10-03 15:51:01.772   Successfully installed the file.
2026-10-03 15:51:01.772   -- File entry --
2026-10-03 15:51:01.772   Dest filename: C:\Users\21544\workspace\Native3DGSViewer\out\cloud-022-install-test\hy-AM\Microsoft.UI.Xaml.Phone.dll.mui
2026-10-03 15:51:01.772   Time stamp of our file: 2026-09-21 22:01:24.000
2026-10-03 15:51:01.772   Dest file exists.
2026-10-03 15:51:01.772   Time stamp of existing file: 2026-09-21 22:01:24.000
2026-10-03 15:51:01.772   Installing the file.
2026-10-03 15:51:01.773   Successfully installed the file.
2026-10-03 15:51:01.773   -- File entry --
2026-10-03 15:51:01.773   Dest filename: C:\Users\21544\workspace\Native3DGSViewer\out\cloud-022-install-test\id-ID\Microsoft.ui.xaml.dll.mui
2026-10-03 15:51:01.773   Time stamp of our file: 2026-09-21 22:01:24.000
2026-10-03 15:51:01.773   Dest file exists.
2026-10-03 15:51:01.773   Time stamp of existing file: 2026-09-21 22:01:24.000
2026-10-03 15:51:01.773   Installing the file.
2026-10-03 15:51:01.775   Successfully installed the file.
2026-10-03 15:51:01.775   -- File entry --
2026-10-03 15:51:01.775   Dest filename: C:\Users\21544\workspace\Native3DGSViewer\out\cloud-022-install-test\id-ID\Microsoft.UI.Xaml.Phone.dll.mui
2026-10-03 15:51:01.776   Time stamp of our file: 2026-09-21 22:01:24.000
2026-10-03 15:51:01.776   Dest file exists.
2026-10-03 15:51:01.776   Time stamp of existing file: 2026-09-21 22:01:24.000
2026-10-03 15:51:01.776   Installing the file.
2026-10-03 15:51:01.777   Successfully installed the file.
2026-10-03 15:51:01.777   -- File entry --
2026-10-03 15:51:01.777   Dest filename: C:\Users\21544\workspace\Native3DGSViewer\out\cloud-022-install-test\is-IS\Microsoft.ui.xaml.dll.mui
2026-10-03 15:51:01.777   Time stamp of our file: 2026-09-21 22:01:24.000
2026-10-03 15:51:01.777   Dest file exists.
2026-10-03 15:51:01.777   Time stamp of existing file: 2026-09-21 22:01:24.000
2026-10-03 15:51:01.777   Installing the file.
2026-10-03 15:51:01.778   Successfully installed the file.
2026-10-03 15:51:01.779   -- File entry --
2026-10-03 15:51:01.779   Dest filename: C:\Users\21544\workspace\Native3DGSViewer\out\cloud-022-install-test\is-IS\Microsoft.UI.Xaml.Phone.dll.mui
2026-10-03 15:51:01.779   Time stamp of our file: 2026-09-21 22:01:24.000
2026-10-03 15:51:01.779   Dest file exists.
2026-10-03 15:51:01.779   Time stamp of existing file: 2026-09-21 22:01:24.000
2026-10-03 15:51:01.779   Installing the file.
2026-10-03 15:51:01.780   Successfully installed the file.
2026-10-03 15:51:01.780   -- File entry --
2026-10-03 15:51:01.780   Dest filename: C:\Users\21544\workspace\Native3DGSViewer\out\cloud-022-install-test\it-IT\Microsoft.ui.xaml.dll.mui
2026-10-03 15:51:01.780   Time stamp of our file: 2026-09-21 22:01:24.000
2026-10-03 15:51:01.780   Dest file exists.
2026-10-03 15:51:01.780   Time stamp of existing file: 2026-09-21 22:01:24.000
2026-10-03 15:51:01.780   Installing the file.
2026-10-03 15:51:01.782   Successfully installed the file.
2026-10-03 15:51:01.782   -- File entry --
2026-10-03 15:51:01.782   Dest filename: C:\Users\21544\workspace\Native3DGSViewer\out\cloud-022-install-test\it-IT\Microsoft.UI.Xaml.Phone.dll.mui
2026-10-03 15:51:01.782   Time stamp of our file: 2026-09-21 22:01:24.000
2026-10-03 15:51:01.782   Dest file exists.
2026-10-03 15:51:01.783   Time stamp of existing file: 2026-09-21 22:01:24.000
2026-10-03 15:51:01.783   Installing the file.
2026-10-03 15:51:01.784   Successfully installed the file.
2026-10-03 15:51:01.784   -- File entry --
2026-10-03 15:51:01.784   Dest filename: C:\Users\21544\workspace\Native3DGSViewer\out\cloud-022-install-test\ja-JP\Microsoft.ui.xaml.dll.mui
2026-10-03 15:51:01.784   Time stamp of our file: 2026-09-21 22:01:24.000
2026-10-03 15:51:01.784   Dest file exists.
2026-10-03 15:51:01.784   Time stamp of existing file: 2026-09-21 22:01:24.000
2026-10-03 15:51:01.784   Installing the file.
2026-10-03 15:51:01.786   Successfully installed the file.
2026-10-03 15:51:01.786   -- File entry --
2026-10-03 15:51:01.786   Dest filename: C:\Users\21544\workspace\Native3DGSViewer\out\cloud-022-install-test\ja-JP\Microsoft.UI.Xaml.Phone.dll.mui
2026-10-03 15:51:01.786   Time stamp of our file: 2026-09-21 22:01:24.000
2026-10-03 15:51:01.786   Dest file exists.
2026-10-03 15:51:01.786   Time stamp of existing file: 2026-09-21 22:01:24.000
2026-10-03 15:51:01.786   Installing the file.
2026-10-03 15:51:01.787   Successfully installed the file.
2026-10-03 15:51:01.787   -- File entry --
2026-10-03 15:51:01.787   Dest filename: C:\Users\21544\workspace\Native3DGSViewer\out\cloud-022-install-test\ka-GE\Microsoft.ui.xaml.dll.mui
2026-10-03 15:51:01.788   Time stamp of our file: 2026-09-21 22:01:24.000
2026-10-03 15:51:01.788   Dest file exists.
2026-10-03 15:51:01.788   Time stamp of existing file: 2026-09-21 22:01:24.000
2026-10-03 15:51:01.788   Installing the file.
2026-10-03 15:51:01.790   Successfully installed the file.
2026-10-03 15:51:01.790   -- File entry --
2026-10-03 15:51:01.790   Dest filename: C:\Users\21544\workspace\Native3DGSViewer\out\cloud-022-install-test\ka-GE\Microsoft.UI.Xaml.Phone.dll.mui
2026-10-03 15:51:01.790   Time stamp of our file: 2026-09-21 22:01:24.000
2026-10-03 15:51:01.790   Dest file exists.
2026-10-03 15:51:01.790   Time stamp of existing file: 2026-09-21 22:01:24.000
2026-10-03 15:51:01.790   Installing the file.
2026-10-03 15:51:01.791   Successfully installed the file.
2026-10-03 15:51:01.791   -- File entry --
2026-10-03 15:51:01.792   Dest filename: C:\Users\21544\workspace\Native3DGSViewer\out\cloud-022-install-test\kk-KZ\Microsoft.ui.xaml.dll.mui
2026-10-03 15:51:01.792   Time stamp of our file: 2026-09-21 22:01:24.000
2026-10-03 15:51:01.792   Dest file exists.
2026-10-03 15:51:01.792   Time stamp of existing file: 2026-09-21 22:01:24.000
2026-10-03 15:51:01.792   Installing the file.
2026-10-03 15:51:01.793   Successfully installed the file.
2026-10-03 15:51:01.793   -- File entry --
2026-10-03 15:51:01.793   Dest filename: C:\Users\21544\workspace\Native3DGSViewer\out\cloud-022-install-test\kk-KZ\Microsoft.UI.Xaml.Phone.dll.mui
2026-10-03 15:51:01.793   Time stamp of our file: 2026-09-21 22:01:24.000
2026-10-03 15:51:01.793   Dest file exists.
2026-10-03 15:51:01.794   Time stamp of existing file: 2026-09-21 22:01:24.000
2026-10-03 15:51:01.794   Installing the file.
2026-10-03 15:51:01.795   Successfully installed the file.
2026-10-03 15:51:01.795   -- File entry --
2026-10-03 15:51:01.795   Dest filename: C:\Users\21544\workspace\Native3DGSViewer\out\cloud-022-install-test\km-KH\Microsoft.ui.xaml.dll.mui
2026-10-03 15:51:01.795   Time stamp of our file: 2026-09-21 22:01:26.000
2026-10-03 15:51:01.795   Dest file exists.
2026-10-03 15:51:01.795   Time stamp of existing file: 2026-09-21 22:01:26.000
2026-10-03 15:51:01.795   Installing the file.
2026-10-03 15:51:01.797   Successfully installed the file.
2026-10-03 15:51:01.797   -- File entry --
2026-10-03 15:51:01.797   Dest filename: C:\Users\21544\workspace\Native3DGSViewer\out\cloud-022-install-test\km-KH\Microsoft.UI.Xaml.Phone.dll.mui
2026-10-03 15:51:01.797   Time stamp of our file: 2026-09-21 22:01:24.000
2026-10-03 15:51:01.797   Dest file exists.
2026-10-03 15:51:01.797   Time stamp of existing file: 2026-09-21 22:01:24.000
2026-10-03 15:51:01.797   Installing the file.
2026-10-03 15:51:01.798   Successfully installed the file.
2026-10-03 15:51:01.798   -- File entry --
2026-10-03 15:51:01.798   Dest filename: C:\Users\21544\workspace\Native3DGSViewer\out\cloud-022-install-test\kn-IN\Microsoft.ui.xaml.dll.mui
2026-10-03 15:51:01.798   Time stamp of our file: 2026-09-21 22:01:24.000
2026-10-03 15:51:01.798   Dest file exists.
2026-10-03 15:51:01.798   Time stamp of existing file: 2026-09-21 22:01:24.000
2026-10-03 15:51:01.798   Installing the file.
2026-10-03 15:51:01.800   Successfully installed the file.
2026-10-03 15:51:01.800   -- File entry --
2026-10-03 15:51:01.800   Dest filename: C:\Users\21544\workspace\Native3DGSViewer\out\cloud-022-install-test\kn-IN\Microsoft.UI.Xaml.Phone.dll.mui
2026-10-03 15:51:01.800   Time stamp of our file: 2026-09-21 22:01:24.000
2026-10-03 15:51:01.800   Dest file exists.
2026-10-03 15:51:01.800   Time stamp of existing file: 2026-09-21 22:01:24.000
2026-10-03 15:51:01.800   Installing the file.
2026-10-03 15:51:01.801   Successfully installed the file.
2026-10-03 15:51:01.801   -- File entry --
2026-10-03 15:51:01.801   Dest filename: C:\Users\21544\workspace\Native3DGSViewer\out\cloud-022-install-test\ko-KR\Microsoft.ui.xaml.dll.mui
2026-10-03 15:51:01.801   Time stamp of our file: 2026-09-21 22:01:24.000
2026-10-03 15:51:01.801   Dest file exists.
2026-10-03 15:51:01.801   Time stamp of existing file: 2026-09-21 22:01:24.000
2026-10-03 15:51:01.801   Installing the file.
2026-10-03 15:51:01.803   Successfully installed the file.
2026-10-03 15:51:01.803   -- File entry --
2026-10-03 15:51:01.803   Dest filename: C:\Users\21544\workspace\Native3DGSViewer\out\cloud-022-install-test\ko-KR\Microsoft.UI.Xaml.Phone.dll.mui
2026-10-03 15:51:01.803   Time stamp of our file: 2026-09-21 22:01:24.000
2026-10-03 15:51:01.803   Dest file exists.
2026-10-03 15:51:01.803   Time stamp of existing file: 2026-09-21 22:01:24.000
2026-10-03 15:51:01.803   Installing the file.
2026-10-03 15:51:01.804   Successfully installed the file.
2026-10-03 15:51:01.804   -- File entry --
2026-10-03 15:51:01.804   Dest filename: C:\Users\21544\workspace\Native3DGSViewer\out\cloud-022-install-test\kok-IN\Microsoft.ui.xaml.dll.mui
2026-10-03 15:51:01.805   Time stamp of our file: 2026-09-21 22:01:24.000
2026-10-03 15:51:01.805   Dest file exists.
2026-10-03 15:51:01.805   Time stamp of existing file: 2026-09-21 22:01:24.000
2026-10-03 15:51:01.805   Installing the file.
2026-10-03 15:51:01.807   Successfully installed the file.
2026-10-03 15:51:01.807   -- File entry --
2026-10-03 15:51:01.807   Dest filename: C:\Users\21544\workspace\Native3DGSViewer\out\cloud-022-install-test\kok-IN\Microsoft.UI.Xaml.Phone.dll.mui
2026-10-03 15:51:01.807   Time stamp of our file: 2026-09-21 22:01:24.000
2026-10-03 15:51:01.807   Dest file exists.
2026-10-03 15:51:01.807   Time stamp of existing file: 2026-09-21 22:01:24.000
2026-10-03 15:51:01.807   Installing the file.
2026-10-03 15:51:01.808   Successfully installed the file.
2026-10-03 15:51:01.808   -- File entry --
2026-10-03 15:51:01.808   Dest filename: C:\Users\21544\workspace\Native3DGSViewer\out\cloud-022-install-test\lb-LU\Microsoft.ui.xaml.dll.mui
2026-10-03 15:51:01.808   Time stamp of our file: 2026-09-21 22:01:24.000
2026-10-03 15:51:01.808   Dest file exists.
2026-10-03 15:51:01.808   Time stamp of existing file: 2026-09-21 22:01:24.000
2026-10-03 15:51:01.808   Installing the file.
2026-10-03 15:51:01.810   Successfully installed the file.
2026-10-03 15:51:01.810   -- File entry --
2026-10-03 15:51:01.810   Dest filename: C:\Users\21544\workspace\Native3DGSViewer\out\cloud-022-install-test\lb-LU\Microsoft.UI.Xaml.Phone.dll.mui
2026-10-03 15:51:01.810   Time stamp of our file: 2026-09-21 22:01:24.000
2026-10-03 15:51:01.811   Dest file exists.
2026-10-03 15:51:01.811   Time stamp of existing file: 2026-09-21 22:01:24.000
2026-10-03 15:51:01.811   Installing the file.
2026-10-03 15:51:01.812   Successfully installed the file.
2026-10-03 15:51:01.812   -- File entry --
2026-10-03 15:51:01.812   Dest filename: C:\Users\21544\workspace\Native3DGSViewer\out\cloud-022-install-test\licenses\WindowsAppSDK-license.txt
2026-10-03 15:51:01.812   Time stamp of our file: 2026-09-22 05:37:52.000
2026-10-03 15:51:01.812   Dest file exists.
2026-10-03 15:51:01.812   Time stamp of existing file: 2026-09-22 05:37:52.000
2026-10-03 15:51:01.812   Installing the file.
2026-10-03 15:51:01.813   Successfully installed the file.
2026-10-03 15:51:01.813   -- File entry --
2026-10-03 15:51:01.813   Dest filename: C:\Users\21544\workspace\Native3DGSViewer\out\cloud-022-install-test\licenses\WindowsAppSDK-NOTICE.txt
2026-10-03 15:51:01.813   Time stamp of our file: 2026-09-22 05:37:52.000
2026-10-03 15:51:01.813   Dest file exists.
2026-10-03 15:51:01.814   Time stamp of existing file: 2026-09-22 05:37:52.000
2026-10-03 15:51:01.814   Installing the file.
2026-10-03 15:51:01.815   Successfully installed the file.
2026-10-03 15:51:01.815   -- File entry --
2026-10-03 15:51:01.815   Dest filename: C:\Users\21544\workspace\Native3DGSViewer\out\cloud-022-install-test\licenses\zstd-LICENSE
2026-10-03 15:51:01.815   Time stamp of our file: 2026-09-26 01:32:00.000
2026-10-03 15:51:01.815   Dest file exists.
2026-10-03 15:51:01.815   Time stamp of existing file: 2026-09-26 01:32:00.000
2026-10-03 15:51:01.815   Installing the file.
2026-10-03 15:51:01.816   Successfully installed the file.
2026-10-03 15:51:01.816   -- File entry --
2026-10-03 15:51:01.816   Dest filename: C:\Users\21544\workspace\Native3DGSViewer\out\cloud-022-install-test\lo-LA\Microsoft.ui.xaml.dll.mui
2026-10-03 15:51:01.816   Time stamp of our file: 2026-09-21 22:01:24.000
2026-10-03 15:51:01.816   Dest file exists.
2026-10-03 15:51:01.816   Time stamp of existing file: 2026-09-21 22:01:24.000
2026-10-03 15:51:01.816   Installing the file.
2026-10-03 15:51:01.818   Successfully installed the file.
2026-10-03 15:51:01.818   -- File entry --
2026-10-03 15:51:01.818   Dest filename: C:\Users\21544\workspace\Native3DGSViewer\out\cloud-022-install-test\lo-LA\Microsoft.UI.Xaml.Phone.dll.mui
2026-10-03 15:51:01.818   Time stamp of our file: 2026-09-21 22:01:24.000
2026-10-03 15:51:01.818   Dest file exists.
2026-10-03 15:51:01.818   Time stamp of existing file: 2026-09-21 22:01:24.000
2026-10-03 15:51:01.818   Installing the file.
2026-10-03 15:51:01.820   Successfully installed the file.
2026-10-03 15:51:01.820   -- File entry --
2026-10-03 15:51:01.820   Dest filename: C:\Users\21544\workspace\Native3DGSViewer\out\cloud-022-install-test\lt-LT\Microsoft.ui.xaml.dll.mui
2026-10-03 15:51:01.820   Time stamp of our file: 2026-09-21 22:01:24.000
2026-10-03 15:51:01.820   Dest file exists.
2026-10-03 15:51:01.820   Time stamp of existing file: 2026-09-21 22:01:24.000
2026-10-03 15:51:01.820   Installing the file.
2026-10-03 15:51:01.822   Successfully installed the file.
2026-10-03 15:51:01.822   -- File entry --
2026-10-03 15:51:01.822   Dest filename: C:\Users\21544\workspace\Native3DGSViewer\out\cloud-022-install-test\lt-LT\Microsoft.UI.Xaml.Phone.dll.mui
2026-10-03 15:51:01.822   Time stamp of our file: 2026-09-21 22:01:24.000
2026-10-03 15:51:01.822   Dest file exists.
2026-10-03 15:51:01.822   Time stamp of existing file: 2026-09-21 22:01:24.000
2026-10-03 15:51:01.822   Installing the file.
2026-10-03 15:51:01.823   Successfully installed the file.
2026-10-03 15:51:01.823   -- File entry --
2026-10-03 15:51:01.823   Dest filename: C:\Users\21544\workspace\Native3DGSViewer\out\cloud-022-install-test\lv-LV\Microsoft.ui.xaml.dll.mui
2026-10-03 15:51:01.824   Time stamp of our file: 2026-09-21 22:01:24.000
2026-10-03 15:51:01.824   Dest file exists.
2026-10-03 15:51:01.824   Time stamp of existing file: 2026-09-21 22:01:24.000
2026-10-03 15:51:01.824   Installing the file.
2026-10-03 15:51:01.825   Successfully installed the file.
2026-10-03 15:51:01.825   -- File entry --
2026-10-03 15:51:01.825   Dest filename: C:\Users\21544\workspace\Native3DGSViewer\out\cloud-022-install-test\lv-LV\Microsoft.UI.Xaml.Phone.dll.mui
2026-10-03 15:51:01.826   Time stamp of our file: 2026-09-21 22:01:24.000
2026-10-03 15:51:01.826   Dest file exists.
2026-10-03 15:51:01.826   Time stamp of existing file: 2026-09-21 22:01:24.000
2026-10-03 15:51:01.826   Installing the file.
2026-10-03 15:51:01.827   Successfully installed the file.
2026-10-03 15:51:01.827   -- File entry --
2026-10-03 15:51:01.827   Dest filename: C:\Users\21544\workspace\Native3DGSViewer\out\cloud-022-install-test\mi-NZ\Microsoft.ui.xaml.dll.mui
2026-10-03 15:51:01.827   Time stamp of our file: 2026-09-21 22:01:24.000
2026-10-03 15:51:01.827   Dest file exists.
2026-10-03 15:51:01.827   Time stamp of existing file: 2026-09-21 22:01:24.000
2026-10-03 15:51:01.827   Installing the file.
2026-10-03 15:51:01.828   Successfully installed the file.
2026-10-03 15:51:01.828   -- File entry --
2026-10-03 15:51:01.828   Dest filename: C:\Users\21544\workspace\Native3DGSViewer\out\cloud-022-install-test\mi-NZ\Microsoft.UI.Xaml.Phone.dll.mui
2026-10-03 15:51:01.829   Time stamp of our file: 2026-09-21 22:01:24.000
2026-10-03 15:51:01.829   Dest file exists.
2026-10-03 15:51:01.829   Time stamp of existing file: 2026-09-21 22:01:24.000
2026-10-03 15:51:01.829   Installing the file.
2026-10-03 15:51:01.830   Successfully installed the file.
2026-10-03 15:51:01.830   -- File entry --
2026-10-03 15:51:01.830   Dest filename: C:\Users\21544\workspace\Native3DGSViewer\out\cloud-022-install-test\Microsoft.UI.Xaml\Assets\map.html
2026-10-03 15:51:01.830   Time stamp of our file: 2026-09-21 22:01:26.000
2026-10-03 15:51:01.830   Dest file exists.
2026-10-03 15:51:01.830   Time stamp of existing file: 2026-09-21 22:01:26.000
2026-10-03 15:51:01.830   Installing the file.
2026-10-03 15:51:01.832   Successfully installed the file.
2026-10-03 15:51:01.832   -- File entry --
2026-10-03 15:51:01.832   Dest filename: C:\Users\21544\workspace\Native3DGSViewer\out\cloud-022-install-test\Microsoft.UI.Xaml\Assets\NoiseAsset_256X256_PNG.png
2026-10-03 15:51:01.833   Time stamp of our file: 2026-09-21 22:01:26.000
2026-10-03 15:51:01.833   Dest file exists.
2026-10-03 15:51:01.833   Time stamp of existing file: 2026-09-21 22:01:26.000
2026-10-03 15:51:01.833   Installing the file.
2026-10-03 15:51:01.834   Successfully installed the file.
2026-10-03 15:51:01.834   -- File entry --
2026-10-03 15:51:01.834   Dest filename: C:\Users\21544\workspace\Native3DGSViewer\out\cloud-022-install-test\mk-MK\Microsoft.ui.xaml.dll.mui
2026-10-03 15:51:01.834   Time stamp of our file: 2026-09-21 22:01:26.000
2026-10-03 15:51:01.834   Dest file exists.
2026-10-03 15:51:01.834   Time stamp of existing file: 2026-09-21 22:01:26.000
2026-10-03 15:51:01.834   Installing the file.
2026-10-03 15:51:01.836   Successfully installed the file.
2026-10-03 15:51:01.836   -- File entry --
2026-10-03 15:51:01.836   Dest filename: C:\Users\21544\workspace\Native3DGSViewer\out\cloud-022-install-test\mk-MK\Microsoft.UI.Xaml.Phone.dll.mui
2026-10-03 15:51:01.836   Time stamp of our file: 2026-09-21 22:01:26.000
2026-10-03 15:51:01.836   Dest file exists.
2026-10-03 15:51:01.836   Time stamp of existing file: 2026-09-21 22:01:26.000
2026-10-03 15:51:01.836   Installing the file.
2026-10-03 15:51:01.837   Successfully installed the file.
2026-10-03 15:51:01.838   -- File entry --
2026-10-03 15:51:01.838   Dest filename: C:\Users\21544\workspace\Native3DGSViewer\out\cloud-022-install-test\ml-IN\Microsoft.ui.xaml.dll.mui
2026-10-03 15:51:01.838   Time stamp of our file: 2026-09-21 22:01:26.000
2026-10-03 15:51:01.838   Dest file exists.
2026-10-03 15:51:01.838   Time stamp of existing file: 2026-09-21 22:01:26.000
2026-10-03 15:51:01.838   Installing the file.
2026-10-03 15:51:01.840   Successfully installed the file.
2026-10-03 15:51:01.840   -- File entry --
2026-10-03 15:51:01.840   Dest filename: C:\Users\21544\workspace\Native3DGSViewer\out\cloud-022-install-test\ml-IN\Microsoft.UI.Xaml.Phone.dll.mui
2026-10-03 15:51:01.840   Time stamp of our file: 2026-09-21 22:01:26.000
2026-10-03 15:51:01.840   Dest file exists.
2026-10-03 15:51:01.840   Time stamp of existing file: 2026-09-21 22:01:26.000
2026-10-03 15:51:01.840   Installing the file.
2026-10-03 15:51:01.841   Successfully installed the file.
2026-10-03 15:51:01.841   -- File entry --
2026-10-03 15:51:01.841   Dest filename: C:\Users\21544\workspace\Native3DGSViewer\out\cloud-022-install-test\mr-IN\Microsoft.ui.xaml.dll.mui
2026-10-03 15:51:01.841   Time stamp of our file: 2026-09-21 22:01:26.000
2026-10-03 15:51:01.842   Dest file exists.
2026-10-03 15:51:01.842   Time stamp of existing file: 2026-09-21 22:01:26.000
2026-10-03 15:51:01.842   Installing the file.
2026-10-03 15:51:01.843   Successfully installed the file.
2026-10-03 15:51:01.843   -- File entry --
2026-10-03 15:51:01.843   Dest filename: C:\Users\21544\workspace\Native3DGSViewer\out\cloud-022-install-test\mr-IN\Microsoft.UI.Xaml.Phone.dll.mui
2026-10-03 15:51:01.843   Time stamp of our file: 2026-09-21 22:01:26.000
2026-10-03 15:51:01.843   Dest file exists.
2026-10-03 15:51:01.843   Time stamp of existing file: 2026-09-21 22:01:26.000
2026-10-03 15:51:01.844   Installing the file.
2026-10-03 15:51:01.845   Successfully installed the file.
2026-10-03 15:51:01.845   -- File entry --
2026-10-03 15:51:01.845   Dest filename: C:\Users\21544\workspace\Native3DGSViewer\out\cloud-022-install-test\ms-MY\Microsoft.ui.xaml.dll.mui
2026-10-03 15:51:01.845   Time stamp of our file: 2026-09-21 22:01:26.000
2026-10-03 15:51:01.845   Dest file exists.
2026-10-03 15:51:01.845   Time stamp of existing file: 2026-09-21 22:01:26.000
2026-10-03 15:51:01.845   Installing the file.
2026-10-03 15:51:01.846   Successfully installed the file.
2026-10-03 15:51:01.846   -- File entry --
2026-10-03 15:51:01.846   Dest filename: C:\Users\21544\workspace\Native3DGSViewer\out\cloud-022-install-test\ms-MY\Microsoft.UI.Xaml.Phone.dll.mui
2026-10-03 15:51:01.847   Time stamp of our file: 2026-09-21 22:01:26.000
2026-10-03 15:51:01.847   Dest file exists.
2026-10-03 15:51:01.847   Time stamp of existing file: 2026-09-21 22:01:26.000
2026-10-03 15:51:01.847   Installing the file.
2026-10-03 15:51:01.848   Successfully installed the file.
2026-10-03 15:51:01.848   -- File entry --
2026-10-03 15:51:01.848   Dest filename: C:\Users\21544\workspace\Native3DGSViewer\out\cloud-022-install-test\mt-MT\Microsoft.ui.xaml.dll.mui
2026-10-03 15:51:01.848   Time stamp of our file: 2026-09-21 22:01:26.000
2026-10-03 15:51:01.848   Dest file exists.
2026-10-03 15:51:01.848   Time stamp of existing file: 2026-09-21 22:01:26.000
2026-10-03 15:51:01.848   Installing the file.
2026-10-03 15:51:01.849   Successfully installed the file.
2026-10-03 15:51:01.849   -- File entry --
2026-10-03 15:51:01.849   Dest filename: C:\Users\21544\workspace\Native3DGSViewer\out\cloud-022-install-test\mt-MT\Microsoft.UI.Xaml.Phone.dll.mui
2026-10-03 15:51:01.850   Time stamp of our file: 2026-09-21 22:01:26.000
2026-10-03 15:51:01.850   Dest file exists.
2026-10-03 15:51:01.850   Time stamp of existing file: 2026-09-21 22:01:26.000
2026-10-03 15:51:01.850   Installing the file.
2026-10-03 15:51:01.851   Successfully installed the file.
2026-10-03 15:51:01.851   -- File entry --
2026-10-03 15:51:01.851   Dest filename: C:\Users\21544\workspace\Native3DGSViewer\out\cloud-022-install-test\nb-NO\Microsoft.ui.xaml.dll.mui
2026-10-03 15:51:01.851   Time stamp of our file: 2026-09-21 22:01:26.000
2026-10-03 15:51:01.851   Dest file exists.
2026-10-03 15:51:01.851   Time stamp of existing file: 2026-09-21 22:01:26.000
2026-10-03 15:51:01.852   Installing the file.
2026-10-03 15:51:01.853   Successfully installed the file.
2026-10-03 15:51:01.853   -- File entry --
2026-10-03 15:51:01.853   Dest filename: C:\Users\21544\workspace\Native3DGSViewer\out\cloud-022-install-test\nb-NO\Microsoft.UI.Xaml.Phone.dll.mui
2026-10-03 15:51:01.853   Time stamp of our file: 2026-09-21 22:01:26.000
2026-10-03 15:51:01.853   Dest file exists.
2026-10-03 15:51:01.853   Time stamp of existing file: 2026-09-21 22:01:26.000
2026-10-03 15:51:01.854   Installing the file.
2026-10-03 15:51:01.855   Successfully installed the file.
2026-10-03 15:51:01.855   -- File entry --
2026-10-03 15:51:01.855   Dest filename: C:\Users\21544\workspace\Native3DGSViewer\out\cloud-022-install-test\ne-NP\Microsoft.ui.xaml.dll.mui
2026-10-03 15:51:01.855   Time stamp of our file: 2026-09-21 22:01:26.000
2026-10-03 15:51:01.855   Dest file exists.
2026-10-03 15:51:01.855   Time stamp of existing file: 2026-09-21 22:01:26.000
2026-10-03 15:51:01.855   Installing the file.
2026-10-03 15:51:01.856   Successfully installed the file.
2026-10-03 15:51:01.856   -- File entry --
2026-10-03 15:51:01.857   Dest filename: C:\Users\21544\workspace\Native3DGSViewer\out\cloud-022-install-test\ne-NP\Microsoft.UI.Xaml.Phone.dll.mui
2026-10-03 15:51:01.857   Time stamp of our file: 2026-09-21 22:01:26.000
2026-10-03 15:51:01.857   Dest file exists.
2026-10-03 15:51:01.857   Time stamp of existing file: 2026-09-21 22:01:26.000
2026-10-03 15:51:01.857   Installing the file.
2026-10-03 15:51:01.858   Successfully installed the file.
2026-10-03 15:51:01.858   -- File entry --
2026-10-03 15:51:01.858   Dest filename: C:\Users\21544\workspace\Native3DGSViewer\out\cloud-022-install-test\nl-NL\Microsoft.ui.xaml.dll.mui
2026-10-03 15:51:01.858   Time stamp of our file: 2026-09-21 22:01:26.000
2026-10-03 15:51:01.858   Dest file exists.
2026-10-03 15:51:01.858   Time stamp of existing file: 2026-09-21 22:01:26.000
2026-10-03 15:51:01.858   Installing the file.
2026-10-03 15:51:01.860   Successfully installed the file.
2026-10-03 15:51:01.860   -- File entry --
2026-10-03 15:51:01.860   Dest filename: C:\Users\21544\workspace\Native3DGSViewer\out\cloud-022-install-test\nl-NL\Microsoft.UI.Xaml.Phone.dll.mui
2026-10-03 15:51:01.861   Time stamp of our file: 2026-09-21 22:01:26.000
2026-10-03 15:51:01.861   Dest file exists.
2026-10-03 15:51:01.861   Time stamp of existing file: 2026-09-21 22:01:26.000
2026-10-03 15:51:01.861   Installing the file.
2026-10-03 15:51:01.862   Successfully installed the file.
2026-10-03 15:51:01.862   -- File entry --
2026-10-03 15:51:01.862   Dest filename: C:\Users\21544\workspace\Native3DGSViewer\out\cloud-022-install-test\nn-NO\Microsoft.ui.xaml.dll.mui
2026-10-03 15:51:01.862   Time stamp of our file: 2026-09-21 22:01:26.000
2026-10-03 15:51:01.862   Dest file exists.
2026-10-03 15:51:01.862   Time stamp of existing file: 2026-09-21 22:01:26.000
2026-10-03 15:51:01.862   Installing the file.
2026-10-03 15:51:01.864   Successfully installed the file.
2026-10-03 15:51:01.864   -- File entry --
2026-10-03 15:51:01.864   Dest filename: C:\Users\21544\workspace\Native3DGSViewer\out\cloud-022-install-test\nn-NO\Microsoft.UI.Xaml.Phone.dll.mui
2026-10-03 15:51:01.864   Time stamp of our file: 2026-09-21 22:01:26.000
2026-10-03 15:51:01.864   Dest file exists.
2026-10-03 15:51:01.864   Time stamp of existing file: 2026-09-21 22:01:26.000
2026-10-03 15:51:01.864   Installing the file.
2026-10-03 15:51:01.865   Successfully installed the file.
2026-10-03 15:51:01.865   -- File entry --
2026-10-03 15:51:01.865   Dest filename: C:\Users\21544\workspace\Native3DGSViewer\out\cloud-022-install-test\NpuDetect\NPUDetect.dll
2026-10-03 15:51:01.865   Time stamp of our file: 2026-09-21 22:01:22.000
2026-10-03 15:51:01.865   Dest file exists.
2026-10-03 15:51:01.865   Time stamp of existing file: 2026-09-21 22:01:22.000
2026-10-03 15:51:01.865   Installing the file.
2026-10-03 15:51:01.873   Successfully installed the file.
2026-10-03 15:51:01.873   -- File entry --
2026-10-03 15:51:01.873   Dest filename: C:\Users\21544\workspace\Native3DGSViewer\out\cloud-022-install-test\or-IN\Microsoft.ui.xaml.dll.mui
2026-10-03 15:51:01.873   Time stamp of our file: 2026-09-21 22:01:26.000
2026-10-03 15:51:01.873   Dest file exists.
2026-10-03 15:51:01.873   Time stamp of existing file: 2026-09-21 22:01:26.000
2026-10-03 15:51:01.873   Installing the file.
2026-10-03 15:51:01.875   Successfully installed the file.
2026-10-03 15:51:01.875   -- File entry --
2026-10-03 15:51:01.876   Dest filename: C:\Users\21544\workspace\Native3DGSViewer\out\cloud-022-install-test\or-IN\Microsoft.UI.Xaml.Phone.dll.mui
2026-10-03 15:51:01.876   Time stamp of our file: 2026-09-21 22:01:26.000
2026-10-03 15:51:01.876   Dest file exists.
2026-10-03 15:51:01.876   Time stamp of existing file: 2026-09-21 22:01:26.000
2026-10-03 15:51:01.876   Installing the file.
2026-10-03 15:51:01.877   Successfully installed the file.
2026-10-03 15:51:01.877   -- File entry --
2026-10-03 15:51:01.877   Dest filename: C:\Users\21544\workspace\Native3DGSViewer\out\cloud-022-install-test\pa-IN\Microsoft.ui.xaml.dll.mui
2026-10-03 15:51:01.877   Time stamp of our file: 2026-09-21 22:01:26.000
2026-10-03 15:51:01.877   Dest file exists.
2026-10-03 15:51:01.877   Time stamp of existing file: 2026-09-21 22:01:26.000
2026-10-03 15:51:01.877   Installing the file.
2026-10-03 15:51:01.879   Successfully installed the file.
2026-10-03 15:51:01.879   -- File entry --
2026-10-03 15:51:01.880   Dest filename: C:\Users\21544\workspace\Native3DGSViewer\out\cloud-022-install-test\pa-IN\Microsoft.UI.Xaml.Phone.dll.mui
2026-10-03 15:51:01.880   Time stamp of our file: 2026-09-21 22:01:26.000
2026-10-03 15:51:01.880   Dest file exists.
2026-10-03 15:51:01.880   Time stamp of existing file: 2026-09-21 22:01:26.000
2026-10-03 15:51:01.880   Installing the file.
2026-10-03 15:51:01.881   Successfully installed the file.
2026-10-03 15:51:01.881   -- File entry --
2026-10-03 15:51:01.881   Dest filename: C:\Users\21544\workspace\Native3DGSViewer\out\cloud-022-install-test\pl-PL\Microsoft.ui.xaml.dll.mui
2026-10-03 15:51:01.881   Time stamp of our file: 2026-09-21 22:01:26.000
2026-10-03 15:51:01.881   Dest file exists.
2026-10-03 15:51:01.881   Time stamp of existing file: 2026-09-21 22:01:26.000
2026-10-03 15:51:01.881   Installing the file.
2026-10-03 15:51:01.883   Successfully installed the file.
2026-10-03 15:51:01.883   -- File entry --
2026-10-03 15:51:01.883   Dest filename: C:\Users\21544\workspace\Native3DGSViewer\out\cloud-022-install-test\pl-PL\Microsoft.UI.Xaml.Phone.dll.mui
2026-10-03 15:51:01.883   Time stamp of our file: 2026-09-21 22:01:26.000
2026-10-03 15:51:01.883   Dest file exists.
2026-10-03 15:51:01.883   Time stamp of existing file: 2026-09-21 22:01:26.000
2026-10-03 15:51:01.884   Installing the file.
2026-10-03 15:51:01.885   Successfully installed the file.
2026-10-03 15:51:01.885   -- File entry --
2026-10-03 15:51:01.885   Dest filename: C:\Users\21544\workspace\Native3DGSViewer\out\cloud-022-install-test\pt-BR\Microsoft.ui.xaml.dll.mui
2026-10-03 15:51:01.885   Time stamp of our file: 2026-09-21 22:01:26.000
2026-10-03 15:51:01.885   Dest file exists.
2026-10-03 15:51:01.885   Time stamp of existing file: 2026-09-21 22:01:26.000
2026-10-03 15:51:01.885   Installing the file.
2026-10-03 15:51:01.887   Successfully installed the file.
2026-10-03 15:51:01.887   -- File entry --
2026-10-03 15:51:01.887   Dest filename: C:\Users\21544\workspace\Native3DGSViewer\out\cloud-022-install-test\pt-BR\Microsoft.UI.Xaml.Phone.dll.mui
2026-10-03 15:51:01.888   Time stamp of our file: 2026-09-21 22:01:26.000
2026-10-03 15:51:01.888   Dest file exists.
2026-10-03 15:51:01.888   Time stamp of existing file: 2026-09-21 22:01:26.000
2026-10-03 15:51:01.888   Installing the file.
2026-10-03 15:51:01.888   Successfully installed the file.
2026-10-03 15:51:01.888   -- File entry --
2026-10-03 15:51:01.888   Dest filename: C:\Users\21544\workspace\Native3DGSViewer\out\cloud-022-install-test\pt-PT\Microsoft.ui.xaml.dll.mui
2026-10-03 15:51:01.889   Time stamp of our file: 2026-09-21 22:01:26.000
2026-10-03 15:51:01.889   Dest file exists.
2026-10-03 15:51:01.889   Time stamp of existing file: 2026-09-21 22:01:26.000
2026-10-03 15:51:01.889   Installing the file.
2026-10-03 15:51:01.890   Successfully installed the file.
2026-10-03 15:51:01.890   -- File entry --
2026-10-03 15:51:01.890   Dest filename: C:\Users\21544\workspace\Native3DGSViewer\out\cloud-022-install-test\pt-PT\Microsoft.UI.Xaml.Phone.dll.mui
2026-10-03 15:51:01.890   Time stamp of our file: 2026-09-21 22:01:26.000
2026-10-03 15:51:01.890   Dest file exists.
2026-10-03 15:51:01.890   Time stamp of existing file: 2026-09-21 22:01:26.000
2026-10-03 15:51:01.890   Installing the file.
2026-10-03 15:51:01.891   Successfully installed the file.
2026-10-03 15:51:01.892   -- File entry --
2026-10-03 15:51:01.892   Dest filename: C:\Users\21544\workspace\Native3DGSViewer\out\cloud-022-install-test\quz-PE\Microsoft.ui.xaml.dll.mui
2026-10-03 15:51:01.892   Time stamp of our file: 2026-09-21 22:01:26.000
2026-10-03 15:51:01.892   Dest file exists.
2026-10-03 15:51:01.892   Time stamp of existing file: 2026-09-21 22:01:26.000
2026-10-03 15:51:01.892   Installing the file.
2026-10-03 15:51:01.893   Successfully installed the file.
2026-10-03 15:51:01.893   -- File entry --
2026-10-03 15:51:01.893   Dest filename: C:\Users\21544\workspace\Native3DGSViewer\out\cloud-022-install-test\quz-PE\Microsoft.UI.Xaml.Phone.dll.mui
2026-10-03 15:51:01.894   Time stamp of our file: 2026-09-21 22:01:26.000
2026-10-03 15:51:01.894   Dest file exists.
2026-10-03 15:51:01.894   Time stamp of existing file: 2026-09-21 22:01:26.000
2026-10-03 15:51:01.894   Installing the file.
2026-10-03 15:51:01.895   Successfully installed the file.
2026-10-03 15:51:01.895   -- File entry --
2026-10-03 15:51:01.895   Dest filename: C:\Users\21544\workspace\Native3DGSViewer\out\cloud-022-install-test\ro-RO\Microsoft.ui.xaml.dll.mui
2026-10-03 15:51:01.895   Time stamp of our file: 2026-09-21 22:01:26.000
2026-10-03 15:51:01.895   Dest file exists.
2026-10-03 15:51:01.895   Time stamp of existing file: 2026-09-21 22:01:26.000
2026-10-03 15:51:01.895   Installing the file.
2026-10-03 15:51:01.897   Successfully installed the file.
2026-10-03 15:51:01.897   -- File entry --
2026-10-03 15:51:01.897   Dest filename: C:\Users\21544\workspace\Native3DGSViewer\out\cloud-022-install-test\ro-RO\Microsoft.UI.Xaml.Phone.dll.mui
2026-10-03 15:51:01.897   Time stamp of our file: 2026-09-21 22:01:26.000
2026-10-03 15:51:01.897   Dest file exists.
2026-10-03 15:51:01.897   Time stamp of existing file: 2026-09-21 22:01:26.000
2026-10-03 15:51:01.897   Installing the file.
2026-10-03 15:51:01.899   Successfully installed the file.
2026-10-03 15:51:01.899   -- File entry --
2026-10-03 15:51:01.899   Dest filename: C:\Users\21544\workspace\Native3DGSViewer\out\cloud-022-install-test\ru-RU\Microsoft.ui.xaml.dll.mui
2026-10-03 15:51:01.899   Time stamp of our file: 2026-09-21 22:01:26.000
2026-10-03 15:51:01.899   Dest file exists.
2026-10-03 15:51:01.900   Time stamp of existing file: 2026-09-21 22:01:26.000
2026-10-03 15:51:01.900   Installing the file.
2026-10-03 15:51:01.901   Successfully installed the file.
2026-10-03 15:51:01.901   -- File entry --
2026-10-03 15:51:01.901   Dest filename: C:\Users\21544\workspace\Native3DGSViewer\out\cloud-022-install-test\ru-RU\Microsoft.UI.Xaml.Phone.dll.mui
2026-10-03 15:51:01.901   Time stamp of our file: 2026-09-21 22:01:26.000
2026-10-03 15:51:01.901   Dest file exists.
2026-10-03 15:51:01.901   Time stamp of existing file: 2026-09-21 22:01:26.000
2026-10-03 15:51:01.902   Installing the file.
2026-10-03 15:51:01.903   Successfully installed the file.
2026-10-03 15:51:01.903   -- File entry --
2026-10-03 15:51:01.903   Dest filename: C:\Users\21544\workspace\Native3DGSViewer\out\cloud-022-install-test\sk-SK\Microsoft.ui.xaml.dll.mui
2026-10-03 15:51:01.903   Time stamp of our file: 2026-09-21 22:01:26.000
2026-10-03 15:51:01.903   Dest file exists.
2026-10-03 15:51:01.903   Time stamp of existing file: 2026-09-21 22:01:26.000
2026-10-03 15:51:01.903   Installing the file.
2026-10-03 15:51:01.904   Successfully installed the file.
2026-10-03 15:51:01.905   -- File entry --
2026-10-03 15:51:01.905   Dest filename: C:\Users\21544\workspace\Native3DGSViewer\out\cloud-022-install-test\sk-SK\Microsoft.UI.Xaml.Phone.dll.mui
2026-10-03 15:51:01.905   Time stamp of our file: 2026-09-21 22:01:26.000
2026-10-03 15:51:01.905   Dest file exists.
2026-10-03 15:51:01.905   Time stamp of existing file: 2026-09-21 22:01:26.000
2026-10-03 15:51:01.905   Installing the file.
2026-10-03 15:51:01.906   Successfully installed the file.
2026-10-03 15:51:01.906   -- File entry --
2026-10-03 15:51:01.906   Dest filename: C:\Users\21544\workspace\Native3DGSViewer\out\cloud-022-install-test\sl-SI\Microsoft.ui.xaml.dll.mui
2026-10-03 15:51:01.906   Time stamp of our file: 2026-09-21 22:01:26.000
2026-10-03 15:51:01.906   Dest file exists.
2026-10-03 15:51:01.906   Time stamp of existing file: 2026-09-21 22:01:26.000
2026-10-03 15:51:01.906   Installing the file.
2026-10-03 15:51:01.907   Successfully installed the file.
2026-10-03 15:51:01.907   -- File entry --
2026-10-03 15:51:01.907   Dest filename: C:\Users\21544\workspace\Native3DGSViewer\out\cloud-022-install-test\sl-SI\Microsoft.UI.Xaml.Phone.dll.mui
2026-10-03 15:51:01.908   Time stamp of our file: 2026-09-21 22:01:26.000
2026-10-03 15:51:01.908   Dest file exists.
2026-10-03 15:51:01.908   Time stamp of existing file: 2026-09-21 22:01:26.000
2026-10-03 15:51:01.908   Installing the file.
2026-10-03 15:51:01.909   Successfully installed the file.
2026-10-03 15:51:01.909   -- File entry --
2026-10-03 15:51:01.909   Dest filename: C:\Users\21544\workspace\Native3DGSViewer\out\cloud-022-install-test\sq-AL\Microsoft.ui.xaml.dll.mui
2026-10-03 15:51:01.910   Time stamp of our file: 2026-09-21 22:01:26.000
2026-10-03 15:51:01.910   Dest file exists.
2026-10-03 15:51:01.910   Time stamp of existing file: 2026-09-21 22:01:26.000
2026-10-03 15:51:01.910   Installing the file.
2026-10-03 15:51:01.911   Successfully installed the file.
2026-10-03 15:51:01.911   -- File entry --
2026-10-03 15:51:01.911   Dest filename: C:\Users\21544\workspace\Native3DGSViewer\out\cloud-022-install-test\sq-AL\Microsoft.UI.Xaml.Phone.dll.mui
2026-10-03 15:51:01.912   Time stamp of our file: 2026-09-21 22:01:26.000
2026-10-03 15:51:01.912   Dest file exists.
2026-10-03 15:51:01.912   Time stamp of existing file: 2026-09-21 22:01:26.000
2026-10-03 15:51:01.912   Installing the file.
2026-10-03 15:51:01.913   Successfully installed the file.
2026-10-03 15:51:01.913   -- File entry --
2026-10-03 15:51:01.913   Dest filename: C:\Users\21544\workspace\Native3DGSViewer\out\cloud-022-install-test\sr-Cyrl-BA\Microsoft.ui.xaml.dll.mui
2026-10-03 15:51:01.913   Time stamp of our file: 2026-09-21 22:01:26.000
2026-10-03 15:51:01.913   Dest file exists.
2026-10-03 15:51:01.913   Time stamp of existing file: 2026-09-21 22:01:26.000
2026-10-03 15:51:01.914   Installing the file.
2026-10-03 15:51:01.915   Successfully installed the file.
2026-10-03 15:51:01.915   -- File entry --
2026-10-03 15:51:01.915   Dest filename: C:\Users\21544\workspace\Native3DGSViewer\out\cloud-022-install-test\sr-Cyrl-BA\Microsoft.UI.Xaml.Phone.dll.mui
2026-10-03 15:51:01.916   Time stamp of our file: 2026-09-21 22:01:26.000
2026-10-03 15:51:01.916   Dest file exists.
2026-10-03 15:51:01.916   Time stamp of existing file: 2026-09-21 22:01:26.000
2026-10-03 15:51:01.916   Installing the file.
2026-10-03 15:51:01.917   Successfully installed the file.
2026-10-03 15:51:01.917   -- File entry --
2026-10-03 15:51:01.917   Dest filename: C:\Users\21544\workspace\Native3DGSViewer\out\cloud-022-install-test\sr-Cyrl-RS\Microsoft.ui.xaml.dll.mui
2026-10-03 15:51:01.917   Time stamp of our file: 2026-09-21 22:01:26.000
2026-10-03 15:51:01.917   Dest file exists.
2026-10-03 15:51:01.917   Time stamp of existing file: 2026-09-21 22:01:26.000
2026-10-03 15:51:01.917   Installing the file.
2026-10-03 15:51:01.919   Successfully installed the file.
2026-10-03 15:51:01.919   -- File entry --
2026-10-03 15:51:01.919   Dest filename: C:\Users\21544\workspace\Native3DGSViewer\out\cloud-022-install-test\sr-Cyrl-RS\Microsoft.UI.Xaml.Phone.dll.mui
2026-10-03 15:51:01.919   Time stamp of our file: 2026-09-21 22:01:26.000
2026-10-03 15:51:01.919   Dest file exists.
2026-10-03 15:51:01.919   Time stamp of existing file: 2026-09-21 22:01:26.000
2026-10-03 15:51:01.919   Installing the file.
2026-10-03 15:51:01.920   Successfully installed the file.
2026-10-03 15:51:01.920   -- File entry --
2026-10-03 15:51:01.920   Dest filename: C:\Users\21544\workspace\Native3DGSViewer\out\cloud-022-install-test\sr-Latn-RS\Microsoft.ui.xaml.dll.mui
2026-10-03 15:51:01.920   Time stamp of our file: 2026-09-21 22:01:26.000
2026-10-03 15:51:01.921   Dest file exists.
2026-10-03 15:51:01.921   Time stamp of existing file: 2026-09-21 22:01:26.000
2026-10-03 15:51:01.921   Installing the file.
2026-10-03 15:51:01.922   Successfully installed the file.
2026-10-03 15:51:01.922   -- File entry --
2026-10-03 15:51:01.923   Dest filename: C:\Users\21544\workspace\Native3DGSViewer\out\cloud-022-install-test\sr-Latn-RS\Microsoft.UI.Xaml.Phone.dll.mui
2026-10-03 15:51:01.923   Time stamp of our file: 2026-09-21 22:01:26.000
2026-10-03 15:51:01.923   Dest file exists.
2026-10-03 15:51:01.923   Time stamp of existing file: 2026-09-21 22:01:26.000
2026-10-03 15:51:01.923   Installing the file.
2026-10-03 15:51:01.924   Successfully installed the file.
2026-10-03 15:51:01.924   -- File entry --
2026-10-03 15:51:01.924   Dest filename: C:\Users\21544\workspace\Native3DGSViewer\out\cloud-022-install-test\sv-SE\Microsoft.ui.xaml.dll.mui
2026-10-03 15:51:01.924   Time stamp of our file: 2026-09-21 22:01:26.000
2026-10-03 15:51:01.924   Dest file exists.
2026-10-03 15:51:01.924   Time stamp of existing file: 2026-09-21 22:01:26.000
2026-10-03 15:51:01.924   Installing the file.
2026-10-03 15:51:01.926   Successfully installed the file.
2026-10-03 15:51:01.926   -- File entry --
2026-10-03 15:51:01.926   Dest filename: C:\Users\21544\workspace\Native3DGSViewer\out\cloud-022-install-test\sv-SE\Microsoft.UI.Xaml.Phone.dll.mui
2026-10-03 15:51:01.926   Time stamp of our file: 2026-09-21 22:01:26.000
2026-10-03 15:51:01.926   Dest file exists.
2026-10-03 15:51:01.926   Time stamp of existing file: 2026-09-21 22:01:26.000
2026-10-03 15:51:01.926   Installing the file.
2026-10-03 15:51:01.928   Successfully installed the file.
2026-10-03 15:51:01.928   -- File entry --
2026-10-03 15:51:01.928   Dest filename: C:\Users\21544\workspace\Native3DGSViewer\out\cloud-022-install-test\ta-IN\Microsoft.ui.xaml.dll.mui
2026-10-03 15:51:01.928   Time stamp of our file: 2026-09-21 22:01:26.000
2026-10-03 15:51:01.928   Dest file exists.
2026-10-03 15:51:01.928   Time stamp of existing file: 2026-09-21 22:01:26.000
2026-10-03 15:51:01.928   Installing the file.
2026-10-03 15:51:01.930   Successfully installed the file.
2026-10-03 15:51:01.930   -- File entry --
2026-10-03 15:51:01.931   Dest filename: C:\Users\21544\workspace\Native3DGSViewer\out\cloud-022-install-test\ta-IN\Microsoft.UI.Xaml.Phone.dll.mui
2026-10-03 15:51:01.931   Time stamp of our file: 2026-09-21 22:01:26.000
2026-10-03 15:51:01.931   Dest file exists.
2026-10-03 15:51:01.931   Time stamp of existing file: 2026-09-21 22:01:26.000
2026-10-03 15:51:01.931   Installing the file.
2026-10-03 15:51:01.932   Successfully installed the file.
2026-10-03 15:51:01.932   -- File entry --
2026-10-03 15:51:01.932   Dest filename: C:\Users\21544\workspace\Native3DGSViewer\out\cloud-022-install-test\te-IN\Microsoft.ui.xaml.dll.mui
2026-10-03 15:51:01.932   Time stamp of our file: 2026-09-21 22:01:26.000
2026-10-03 15:51:01.932   Dest file exists.
2026-10-03 15:51:01.932   Time stamp of existing file: 2026-09-21 22:01:26.000
2026-10-03 15:51:01.932   Installing the file.
2026-10-03 15:51:01.934   Successfully installed the file.
2026-10-03 15:51:01.934   -- File entry --
2026-10-03 15:51:01.934   Dest filename: C:\Users\21544\workspace\Native3DGSViewer\out\cloud-022-install-test\te-IN\Microsoft.UI.Xaml.Phone.dll.mui
2026-10-03 15:51:01.934   Time stamp of our file: 2026-09-21 22:01:26.000
2026-10-03 15:51:01.934   Dest file exists.
2026-10-03 15:51:01.934   Time stamp of existing file: 2026-09-21 22:01:26.000
2026-10-03 15:51:01.935   Installing the file.
2026-10-03 15:51:01.936   Successfully installed the file.
2026-10-03 15:51:01.936   -- File entry --
2026-10-03 15:51:01.936   Dest filename: C:\Users\21544\workspace\Native3DGSViewer\out\cloud-022-install-test\th-TH\Microsoft.ui.xaml.dll.mui
2026-10-03 15:51:01.936   Time stamp of our file: 2026-09-21 22:01:26.000
2026-10-03 15:51:01.936   Dest file exists.
2026-10-03 15:51:01.936   Time stamp of existing file: 2026-09-21 22:01:26.000
2026-10-03 15:51:01.936   Installing the file.
2026-10-03 15:51:01.938   Successfully installed the file.
2026-10-03 15:51:01.938   -- File entry --
2026-10-03 15:51:01.938   Dest filename: C:\Users\21544\workspace\Native3DGSViewer\out\cloud-022-install-test\th-TH\Microsoft.UI.Xaml.Phone.dll.mui
2026-10-03 15:51:01.938   Time stamp of our file: 2026-09-21 22:01:26.000
2026-10-03 15:51:01.938   Dest file exists.
2026-10-03 15:51:01.938   Time stamp of existing file: 2026-09-21 22:01:26.000
2026-10-03 15:51:01.938   Installing the file.
2026-10-03 15:51:01.940   Successfully installed the file.
2026-10-03 15:51:01.940   -- File entry --
2026-10-03 15:51:01.940   Dest filename: C:\Users\21544\workspace\Native3DGSViewer\out\cloud-022-install-test\tr-TR\Microsoft.ui.xaml.dll.mui
2026-10-03 15:51:01.940   Time stamp of our file: 2026-09-21 22:01:26.000
2026-10-03 15:51:01.940   Dest file exists.
2026-10-03 15:51:01.940   Time stamp of existing file: 2026-09-21 22:01:26.000
2026-10-03 15:51:01.940   Installing the file.
2026-10-03 15:51:01.941   Successfully installed the file.
2026-10-03 15:51:01.941   -- File entry --
2026-10-03 15:51:01.941   Dest filename: C:\Users\21544\workspace\Native3DGSViewer\out\cloud-022-install-test\tr-TR\Microsoft.UI.Xaml.Phone.dll.mui
2026-10-03 15:51:01.942   Time stamp of our file: 2026-09-21 22:01:26.000
2026-10-03 15:51:01.942   Dest file exists.
2026-10-03 15:51:01.942   Time stamp of existing file: 2026-09-21 22:01:26.000
2026-10-03 15:51:01.942   Installing the file.
2026-10-03 15:51:01.943   Successfully installed the file.
2026-10-03 15:51:01.943   -- File entry --
2026-10-03 15:51:01.943   Dest filename: C:\Users\21544\workspace\Native3DGSViewer\out\cloud-022-install-test\tt-RU\Microsoft.ui.xaml.dll.mui
2026-10-03 15:51:01.943   Time stamp of our file: 2026-09-21 22:01:26.000
2026-10-03 15:51:01.943   Dest file exists.
2026-10-03 15:51:01.943   Time stamp of existing file: 2026-09-21 22:01:26.000
2026-10-03 15:51:01.943   Installing the file.
2026-10-03 15:51:01.945   Successfully installed the file.
2026-10-03 15:51:01.945   -- File entry --
2026-10-03 15:51:01.945   Dest filename: C:\Users\21544\workspace\Native3DGSViewer\out\cloud-022-install-test\tt-RU\Microsoft.UI.Xaml.Phone.dll.mui
2026-10-03 15:51:01.945   Time stamp of our file: 2026-09-21 22:01:26.000
2026-10-03 15:51:01.945   Dest file exists.
2026-10-03 15:51:01.945   Time stamp of existing file: 2026-09-21 22:01:26.000
2026-10-03 15:51:01.945   Installing the file.
2026-10-03 15:51:01.946   Successfully installed the file.
2026-10-03 15:51:01.946   -- File entry --
2026-10-03 15:51:01.946   Dest filename: C:\Users\21544\workspace\Native3DGSViewer\out\cloud-022-install-test\ug-CN\Microsoft.ui.xaml.dll.mui
2026-10-03 15:51:01.946   Time stamp of our file: 2026-09-21 22:01:26.000
2026-10-03 15:51:01.946   Dest file exists.
2026-10-03 15:51:01.946   Time stamp of existing file: 2026-09-21 22:01:26.000
2026-10-03 15:51:01.946   Installing the file.
2026-10-03 15:51:01.948   Successfully installed the file.
2026-10-03 15:51:01.948   -- File entry --
2026-10-03 15:51:01.948   Dest filename: C:\Users\21544\workspace\Native3DGSViewer\out\cloud-022-install-test\ug-CN\Microsoft.UI.Xaml.Phone.dll.mui
2026-10-03 15:51:01.948   Time stamp of our file: 2026-09-21 22:01:26.000
2026-10-03 15:51:01.948   Dest file exists.
2026-10-03 15:51:01.948   Time stamp of existing file: 2026-09-21 22:01:26.000
2026-10-03 15:51:01.948   Installing the file.
2026-10-03 15:51:01.949   Successfully installed the file.
2026-10-03 15:51:01.949   -- File entry --
2026-10-03 15:51:01.949   Dest filename: C:\Users\21544\workspace\Native3DGSViewer\out\cloud-022-install-test\uk-UA\Microsoft.ui.xaml.dll.mui
2026-10-03 15:51:01.950   Time stamp of our file: 2026-09-21 22:01:26.000
2026-10-03 15:51:01.950   Dest file exists.
2026-10-03 15:51:01.950   Time stamp of existing file: 2026-09-21 22:01:26.000
2026-10-03 15:51:01.950   Installing the file.
2026-10-03 15:51:01.951   Successfully installed the file.
2026-10-03 15:51:01.951   -- File entry --
2026-10-03 15:51:01.951   Dest filename: C:\Users\21544\workspace\Native3DGSViewer\out\cloud-022-install-test\uk-UA\Microsoft.UI.Xaml.Phone.dll.mui
2026-10-03 15:51:01.951   Time stamp of our file: 2026-09-21 22:01:26.000
2026-10-03 15:51:01.951   Dest file exists.
2026-10-03 15:51:01.951   Time stamp of existing file: 2026-09-21 22:01:26.000
2026-10-03 15:51:01.951   Installing the file.
2026-10-03 15:51:01.952   Successfully installed the file.
2026-10-03 15:51:01.952   -- File entry --
2026-10-03 15:51:01.952   Dest filename: C:\Users\21544\workspace\Native3DGSViewer\out\cloud-022-install-test\ur-PK\Microsoft.ui.xaml.dll.mui
2026-10-03 15:51:01.952   Time stamp of our file: 2026-09-21 22:01:26.000
2026-10-03 15:51:01.952   Dest file exists.
2026-10-03 15:51:01.953   Time stamp of existing file: 2026-09-21 22:01:26.000
2026-10-03 15:51:01.953   Installing the file.
2026-10-03 15:51:01.954   Successfully installed the file.
2026-10-03 15:51:01.954   -- File entry --
2026-10-03 15:51:01.954   Dest filename: C:\Users\21544\workspace\Native3DGSViewer\out\cloud-022-install-test\ur-PK\Microsoft.UI.Xaml.Phone.dll.mui
2026-10-03 15:51:01.954   Time stamp of our file: 2026-09-21 22:01:26.000
2026-10-03 15:51:01.954   Dest file exists.
2026-10-03 15:51:01.954   Time stamp of existing file: 2026-09-21 22:01:26.000
2026-10-03 15:51:01.954   Installing the file.
2026-10-03 15:51:01.956   Successfully installed the file.
2026-10-03 15:51:01.956   -- File entry --
2026-10-03 15:51:01.956   Dest filename: C:\Users\21544\workspace\Native3DGSViewer\out\cloud-022-install-test\uz-Latn-UZ\Microsoft.ui.xaml.dll.mui
2026-10-03 15:51:01.956   Time stamp of our file: 2026-09-21 22:01:26.000
2026-10-03 15:51:01.956   Dest file exists.
2026-10-03 15:51:01.956   Time stamp of existing file: 2026-09-21 22:01:26.000
2026-10-03 15:51:01.956   Installing the file.
2026-10-03 15:51:01.957   Successfully installed the file.
2026-10-03 15:51:01.957   -- File entry --
2026-10-03 15:51:01.957   Dest filename: C:\Users\21544\workspace\Native3DGSViewer\out\cloud-022-install-test\uz-Latn-UZ\Microsoft.UI.Xaml.Phone.dll.mui
2026-10-03 15:51:01.958   Time stamp of our file: 2026-09-21 22:01:26.000
2026-10-03 15:51:01.958   Dest file exists.
2026-10-03 15:51:01.958   Time stamp of existing file: 2026-09-21 22:01:26.000
2026-10-03 15:51:01.958   Installing the file.
2026-10-03 15:51:01.958   Successfully installed the file.
2026-10-03 15:51:01.958   -- File entry --
2026-10-03 15:51:01.958   Dest filename: C:\Users\21544\workspace\Native3DGSViewer\out\cloud-022-install-test\vi-VN\Microsoft.ui.xaml.dll.mui
2026-10-03 15:51:01.958   Time stamp of our file: 2026-09-21 22:01:26.000
2026-10-03 15:51:01.958   Dest file exists.
2026-10-03 15:51:01.960   Time stamp of existing file: 2026-09-21 22:01:26.000
2026-10-03 15:51:01.960   Installing the file.
2026-10-03 15:51:01.961   Successfully installed the file.
2026-10-03 15:51:01.962   -- File entry --
2026-10-03 15:51:01.962   Dest filename: C:\Users\21544\workspace\Native3DGSViewer\out\cloud-022-install-test\vi-VN\Microsoft.UI.Xaml.Phone.dll.mui
2026-10-03 15:51:01.962   Time stamp of our file: 2026-09-21 22:01:26.000
2026-10-03 15:51:01.962   Dest file exists.
2026-10-03 15:51:01.962   Time stamp of existing file: 2026-09-21 22:01:26.000
2026-10-03 15:51:01.962   Installing the file.
2026-10-03 15:51:01.963   Successfully installed the file.
2026-10-03 15:51:01.963   -- File entry --
2026-10-03 15:51:01.963   Dest filename: C:\Users\21544\workspace\Native3DGSViewer\out\cloud-022-install-test\zh-CN\Microsoft.ui.xaml.dll.mui
2026-10-03 15:51:01.963   Time stamp of our file: 2026-09-21 22:01:26.000
2026-10-03 15:51:01.963   Dest file exists.
2026-10-03 15:51:01.963   Time stamp of existing file: 2026-09-21 22:01:26.000
2026-10-03 15:51:01.963   Installing the file.
2026-10-03 15:51:01.965   Successfully installed the file.
2026-10-03 15:51:01.965   -- File entry --
2026-10-03 15:51:01.965   Dest filename: C:\Users\21544\workspace\Native3DGSViewer\out\cloud-022-install-test\zh-CN\Microsoft.UI.Xaml.Phone.dll.mui
2026-10-03 15:51:01.965   Time stamp of our file: 2026-09-21 22:01:24.000
2026-10-03 15:51:01.965   Dest file exists.
2026-10-03 15:51:01.965   Time stamp of existing file: 2026-09-21 22:01:24.000
2026-10-03 15:51:01.965   Installing the file.
2026-10-03 15:51:01.966   Successfully installed the file.
2026-10-03 15:51:01.967   -- File entry --
2026-10-03 15:51:01.967   Dest filename: C:\Users\21544\workspace\Native3DGSViewer\out\cloud-022-install-test\zh-TW\Microsoft.ui.xaml.dll.mui
2026-10-03 15:51:01.967   Time stamp of our file: 2026-09-21 22:01:26.000
2026-10-03 15:51:01.967   Dest file exists.
2026-10-03 15:51:01.967   Time stamp of existing file: 2026-09-21 22:01:26.000
2026-10-03 15:51:01.967   Installing the file.
2026-10-03 15:51:01.968   Successfully installed the file.
2026-10-03 15:51:01.968   -- File entry --
2026-10-03 15:51:01.969   Dest filename: C:\Users\21544\workspace\Native3DGSViewer\out\cloud-022-install-test\zh-TW\Microsoft.UI.Xaml.Phone.dll.mui
2026-10-03 15:51:01.969   Time stamp of our file: 2026-09-21 22:01:26.000
2026-10-03 15:51:01.969   Dest file exists.
2026-10-03 15:51:01.969   Time stamp of existing file: 2026-09-21 22:01:26.000
2026-10-03 15:51:01.969   Installing the file.
2026-10-03 15:51:01.970   Successfully installed the file.
2026-10-03 15:51:01.970   -- Icon entry --
2026-10-03 15:51:01.970   Dest filename: C:\Users\21544\AppData\Roaming\Microsoft\Windows\Start Menu\Programs\Native3DGS Cloud Viewer.lnk
2026-10-03 15:51:01.970   Creating the icon.
2026-10-03 15:51:02.008   Successfully created the icon.
2026-10-03 15:51:02.033   Saving uninstall information.
2026-10-03 15:51:02.033   Renaming uninstaller.
2026-10-03 15:51:02.034   Deleting uninstall key left over from previous non administrative install.
2026-10-03 15:51:02.034   Creating new uninstall key: HKEY_CURRENT_USER\Software\Microsoft\Windows\CurrentVersion\Uninstall\{6F6D0E39-0AAE-45A3-960B-8A55A5A48ED2}_is1
2026-10-03 15:51:02.034   Writing uninstall key values.
2026-10-03 15:51:02.034   Detected previous administrative 64-bit install? No
2026-10-03 15:51:02.034   Detected previous administrative 32-bit install? No
2026-10-03 15:51:02.038   Installation process succeeded.
2026-10-03 15:51:02.038   Need to restart Windows? No
2026-10-03 15:51:02.041   Deinitializing Setup.
2026-10-03 15:51:02.046   Log closed.
